Workbook

Sheet semana 1
B2: SEMANA | E2: CONSUMO DE PRODUTOS QUÍMICOS SAFRA 2026/2027
B3: 1 | C3: SEMANA 12/04/2026 A 19/04/2026
B4: Destilaria | C4: b | D4: Consumo | F4: Custos( R$ ) | I4: Gr / m³ | M4: Descrição | N4: Semana | O4: Safra 2026 | P4: Safra 2025
D5: SEMANAL | E5: SAFRA | F5: VALOR | G5: SEMANA | H5: SAFRA | I5: SEMANA | J5: SAFRA | K5: META | M5: AÇÚCAR VHP (scs.) | N5: 46469 | O5: =N5 -> 46469 | P5: 6640
B6: ÁC.SULFURICO | C6: kg | D6: 5981.82 | E6: =D6 -> 5981.82 | F6: 2.54 | G6: =E6*F6 -> 15193.823 | H6: =E6*F6 -> 15193.823 | I6: =IF($N$9=0,0,D6/$N$9*1000) -> 5.4840443 | J6: =IF($O$9=0,0,E6/$O$9*1000) -> 5.4840443 | K6: 9.8 | M6: AÇÚCAR CRISTAL (scs.) | O6: =N6 -> 0
B7: ANTIBIÓTICO | C7: kg | D7: 30 | E7: =D7 -> 30 | F7: 599 | G7: =E7*F7 -> 17970 | H7: =E7*F7 -> 17970 | I7: =IF($N$9=0,0,D7/$N$9*1000)*1000 -> 27.503557 | J7: =IF($O$9=0,0,E7/$O$9*1000)*1000 -> 27.503557 | K7: 6.8 | M7: ETANOL ANIDRO ( L ) | O7: =N7 -> 0
B8: ANTIESPUMANTE | C8: kg | D8: 1170 | E8: =D8 -> 1170 | F8: 12.81 | G8: =E8*F8 -> 14987.7 | H8: =E8*F8 -> 14987.7 | I8: =IF($N$9=0,0,D8/$N$9*1000)*1000 -> 1072.6387 | J8: =IF($O$9=0,0,E8/$O$9*1000)*1000 -> 1072.6387 | K8: 400 | M8: ETANOL HIDRATADO ( L ) | N8: 1090768 | O8: =N8 -> 1090768 | P8: 117223
B9: DISPERSANTE | C9: kg | D9: 122.21 | E9: =D9 -> 122.21 | F9: 25.15 | G9: =E9*F9 -> 3073.5815 | H9: =E9*F9 -> 3073.5815 | I9: =IF($N$9=0,0,D9/$N$9*1000)*1000 -> 112.04032 | J9: =IF($O$9=0,0,E9/$O$9*1000)*1000 -> 112.04032 | K9: 200 | M9: ETANOL TOTAL | N9: =SUM(N7:N8) -> 1090768 | O9: =SUM(O7:O8) -> 1090768
B10: NEUT.ALCOOL | C10: kg | E10: =D10 -> 0 | F10: 10.98 | G10: =E10*F10 -> 0 | H10: =E10*F10 -> 0 | I10: =IF($N$9=0,0,D10/$N$9*1000)*1000 -> 0 | J10: =IF($O$9=0,0,E10/$O$9*1000)*1000 -> 0 | K10: 10 | M10: AÇUCAR TOTAL | N10: =SUM(N5:N6) -> 46469 | O10: =SUM(O5:O6) -> 46469
B11: NUTRIENTES | C11: kg | D11: 2397.34 | E11: =D11 -> 2397.34 | F11: 4.13 | G11: =E11*F11 -> 9901.0142 | H11: =E11*F11 -> 9901.0142 | I11: =IF($N$9=0,0,D11/$N$9*1000)*1000 -> 2197.8459 | J11: =IF($O$9=0,0,E11/$O$9*1000)*1000 -> 2197.8459
B12: SODA CÁUSTICA | C12: kg | D12: 300 | E12: =D12 -> 300 | F12: 5.83 | G12: =E12*F12 -> 1749 | H12: =E12*F12 -> 1749 | I12: =IF($N$9=0,0,D12/$N$9*1000)*1000 -> 275.03557 | J12: =IF($O$9=0,0,E12/$O$9*1000)*1000 -> 275.03557 | K12: 400 | M12: MOAGEM ( Toneladas )
B13: FERMAPLUS | C13: kg | E13: =D13 -> 0 | F13: 6 | G13: =E13*F13 -> 0 | H13: =E13*F13 -> 0 | I13: =IF($N$9=0,0,D13/$N$9*1000)*1000 -> 0 | J13: =IF($O$9=0,0,E13/$O$9*1000)*1000 -> 0 | K13: 500 | M13: CANA MOÍDA | N13: SEMANA | O13: SAFRA 2026 | P13: SAFRA 2025
B14: MONENSINA | C14: Kg | E14: =D14 -> 0 | F14: 425 | G14: =E14*F14 -> 0 | H14: =E14*F14 -> 0 | I14: =IF($N$9=0,0,D14/$N$9*1000)*1000 -> 0 | J14: =IF($O$9=0,0,E14/$O$9*1000)*1000 -> 0 | K14: 3 | M14: PARA ETANOL | N14: 19348.047 | O14: =N14 -> 19348.047 | P14: 6738.662
M15: PARA AÇÚCAR | N15: 26096.293 | O15: =N15 -> 26096.293 | P15: 7356.378
B16: Fábrica | D16: Consumo | F16: Custos( R$ ) | I16: Gr / tc | M16: MOÍDA TOTAL | N16: =SUM(N14:N15) -> 45444.34 | O16: =SUM(O14:O15) -> 45444.34 | P16: 14095.04
D17: SEMANAL | E17: SAFRA | F17: VALOR | G17: SEMANA | H17: SAFRA | I17: SEMANA | J17: SAFRA | K17: META
B18: FLOCULANTE | C18: kg | D18: 375 | E18: =D18 -> 375 | F18: 21 | G18: =D18*F18 -> 7875 | H18: =E18*F18 -> 7875 | I18: =IF($N$10=0,0,D18/$N$16*1000) -> 8.2518527 | J18: =IF($O$10=0,0,E18/$O$16*1000) -> 8.2518527 | K18: 6.1 | M18: SETOR | N18: SEMANA | O18: SAFRA
B19: FLOCUL. FILTRO | C19: kg | D19: 325 | E19: =D19 -> 325 | F19: 15.63 | G19: =D19*F19 -> 5079.75 | H19: =E19*F19 -> 5079.75 | I19: =IF($N$10=0,0,D19/$N$16*1000) -> 7.1516057 | J19: =IF($O$10=0,0,E19/$O$16*1000) -> 7.1516057 | K19: 9 | M19: DESTILARIA | N19: =SUM(G6:G14) -> 62875.119 | O19: =SUM(H6:H14) -> 62875.119
B20: ENXOFRE | C20: kg | D20: 1000 | E20: =D20 -> 1000 | F20: 6.7 | G20: =D20*F20 -> 6700 | H20: =E20*F20 -> 6700 | I20: =IF($N$10=0,0,D20/$N$16*1000) -> 22.004941 | J20: =IF($O$10=0,0,E20/$O$16*1000) -> 22.004941 | K20: 51 | M20: FÁBRICA | N20: =SUM(G18:G26) -> 68559.75 | O20: =SUM(H18:H26) -> 68559.75
B21: AC.FOSFÓRICO | C21: kg | E21: =D21 -> 0 | F21: 5.85 | G21: =D21*F21 -> 0 | H21: =E21*F21 -> 0 | I21: =IF($N$10=0,0,D21/$N$16*1000) -> 0 | J21: =IF($O$10=0,0,E21/$O$16*1000) -> 0 | M21: MOENDA | N21: =SUM(G30:G36) -> 6374.3123 | O21: =SUM(H30:H36) -> 6374.3123
B22: CAL DOLOMÍTICA | C22: kg | D22: 34000 | E22: =D22 -> 34000 | F22: 1.03 | G22: =D22*F22 -> 35020 | H22: =E22*F22 -> 35020 | I22: =IF($N$10=0,0,D22/$N$16*1000) -> 748.16798 | J22: =IF($O$10=0,0,E22/$O$16*1000) -> 748.16798 | K22: 1000 | M22: ETA/CALD. | N22: =SUM(G40:G52) -> 21763.175 | O22: =SUM(H40:H52) -> 21763.175
B23: SODA CÁUSTICA | C23: kg | D23: 575 | E23: =D23 -> 575 | F23: 5.83 | G23: =D23*F23 -> 3352.25 | H23: =E23*F23 -> 3352.25 | I23: =IF($N$10=0,0,D23/$N$16*1000) -> 12.652841 | J23: =IF($O$10=0,0,E23/$O$16*1000) -> 12.652841 | K23: 13 | M23: CUSTO TOTAL (R$ ) | N23: =SUM(N19:N22) -> 159572.36 | O23: =SUM(O19:O22) -> 159572.36
B24: NEUT.VAPOR | C24: kg | D24: 427.05 | E24: =D24 -> 427.05 | F24: 8 | G24: =D24*F24 -> 3416.4 | H24: =E24*F24 -> 3416.4 | I24: =IF($N$10=0,0,D24/$N$16*1000) -> 9.3972099 | J24: =IF($O$10=0,0,E24/$O$16*1000) -> 9.3972099 | K24: 2.8
B25: ANTI-INCRUST. | C25: kg | D25: 1216.47 | E25: =D25 -> 1216.47 | F25: 5.85 | G25: =D25*F25 -> 7116.3495 | H25: =E25*F25 -> 7116.3495 | I25: =IF($N$10=0,0,D25/$N$16*1000) -> 26.76835 | J25: =IF($O$10=0,0,E25/$O$16*1000) -> 26.76835 | K25: 28 | M25: Setor | N25: Semana | P25: Safra
B26: CLARIFICANTE FL 40 | C26: Kg | E26: =D26 -> 0 | F26: 6.98 | G26: =D26*F26 -> 0 | H26: =E26*F26 -> 0 | I26: =IF($N$10=0,0,D26/$N$16*1000) -> 0 | J26: =IF($O$10=0,0,E26/$O$16*1000) -> 0 | K26: 21.3 | M26: DESTILARIA | N26: =IF($N$9=0,0,N19/$N$9*1000) -> 57.64298 | O26: R$/m³ | P26: =IF($O$9=0,0,O19/$O$9*1000) -> 57.64298 | Q26: R$/m³
M27: FÁBRICA | N27: =IF($N$10=0,0,N20/$N$16) -> 1.5086532 | O27: R$/tc | P27: =IF($O$10=0,0,O20/$O$16) -> 1.5086532 | Q27: R$/scs
B28: Moenda | D28: Consumo | F28: Custos( R$ ) | I28: Gr / tc | M28: MOENDA | N28: =IF($N$16=0,0,N21/$N$16) -> 0.14026636 | O28: R$/tc | P28: =IF($O$16=0,0,O21/$O$16) -> 0.14026636 | Q28: R$/tc
D29: SEMANAL | E29: SAFRA | F29: VALOR | G29: SEMANA | H29: SAFRA | I29: SEMANA | J29: SAFRA | K29: META | M29: ETA/CALD. | N29: =IF($N$16=0,0,N22/$N$16) -> 0.47889737 | O29: R$/tc | P29: =IF($O$16=0,0,O22/$O$16) -> 0.47889737 | Q29: R$/tc
B30: CAL VIRGEM | C30: kg | E30: =D30 -> 0 | F30: 1.03 | G30: =D30*F30 -> 0 | H30: =E30*F30 -> 0 | I30: =IF($N$16=0,0,D30/$N$16*1000) -> 0 | J30: =IF($O$16=0,0,E30/$O$16*1000) -> 0 | K30: 0 | M30: TOTAL | N30: =IF($O$16=0,0,O23/$O$16) -> 3.5113802 | O30: R$/tc | P30: =IF($O$16=0,0,O23/$O$16) -> 3.5113802 | Q30: R$/tc
B31: SODA CÁUSTICA | C31: kg | D31: 25 | E31: =D31 -> 25 | F31: 5.83 | G31: =D31*F31 -> 145.75 | H31: =E31*F31 -> 145.75 | I31: =IF($N$16=0,0,D31/$N$16*1000) -> 0.55012351 | J31: =IF($O$16=0,0,E31/$O$16*1000) -> 0.55012351 | K31: 1.5
B32: BAC.QUATERNARIO | C32: kg | D32: 611.77 | E32: =D32 -> 611.77 | F32: 8.99 | G32: =D32*F32 -> 5499.8123 | H32: =E32*F32 -> 5499.8123 | I32: =IF($N$16=0,0,D32/$N$16*1000) -> 13.461962 | J32: =IF($O$16=0,0,E32/$O$16*1000) -> 13.461962 | K32: 8
B33: HELACLOR | C33: kg | E33: =D33 -> 0 | F33: 24 | G33: =D33*F33 -> 0 | H33: =E33*F33 -> 0 | I33: =IF($N$16=0,0,D33/$N$16*1000) -> 0 | J33: =IF($O$16=0,0,E33/$O$16*1000) -> 0 | K33: 0
B34: SODA PENEIRA ROTATIVA | C34: Kg | D34: 50 | E34: =D34 -> 50 | F34: 5.83 | G34: =D34*F34 -> 291.5 | H34: =E34*F34 -> 291.5 | I34: =IF($N$16=0,0,D34/$N$16*1000) -> 1.100247 | J34: =IF($O$16=0,0,E34/$O$16*1000) -> 1.100247 | K34: 2
B35: SODA PENEIRA VIBRATÓRIA | C35: kg | D35: 75 | E35: =D35 -> 75 | F35: 5.83 | G35: =D35*F35 -> 437.25 | H35: =E35*F35 -> 437.25 | I35: =IF($N$16=0,0,D35/$N$16*1000) -> 1.6503705 | J35: =IF($O$16=0,0,E35/$O$16*1000) -> 1.6503705 | K35: 1
B36: ESTEIRA METALICA | C36: kg | E36: =D36 -> 0 | F36: 5.83 | G36: =D36*F36 -> 0 | H36: =E36*F36 -> 0 | I36: =IF($N$16=0,0,D36/$N$16*1000) -> 0 | J36: =IF($O$16=0,0,E36/$O$16*1000) -> 0 | K36: 1
B38: Caldeira / Eta | D38: Consumo | F38: Custos ( R$ ) | I38: Gr/tc
D39: SEMANAL | E39: SAFRA | F39: VALOR | G39: SEMANA | H39: SAFRA | I39: SEMANA | J39: SAFRA | K39: META
B40: SODA CÁUSTICA | C40: kg | D40: 500 | E40: =D40 -> 500 | F40: 5.83 | G40: =D40*F40 -> 2915 | H40: =E40*F40 -> 2915 | I40: =IF($N$16=0,0,D40/$N$16*1000) -> 11.00247 | J40: =IF($O$16=0,0,E40/$O$16*1000) -> 11.00247 | K40: 6
B41: BRW 150 HELAMIN | C41: kg | D41: 250 | E41: =D41 -> 250 | F41: 37.84 | G41: =D41*F41 -> 9460 | H41: =E41*F41 -> 9460 | I41: =IF($N$16=0,0,D41/$N$16*1000) -> 5.5012351 | J41: =IF($O$16=0,0,E41/$O$16*1000) -> 5.5012351 | K41: 3
B42: POLÍMERO | C42: kg | D42: 38.5 | E42: =D42 -> 38.5 | F42: 21 | G42: =D42*F42 -> 808.5 | H42: =E42*F42 -> 808.5 | I42: =IF($N$16=0,0,D42/$N$16*1000) -> 0.84719021 | J42: =IF($O$16=0,0,E42/$O$16*1000) -> 0.84719021 | K42: 0.35
B43: POLICLORETO | C43: kg | D43: 645 | E43: =D43 -> 645 | F43: 2.9 | G43: =D43*F43 -> 1870.5 | H43: =E43*F43 -> 1870.5 | I43: =IF($N$16=0,0,D43/$N$16*1000) -> 14.193187 | J43: =IF($O$16=0,0,E43/$O$16*1000) -> 14.193187 | K43: 7
B44: HELACLOR ETA | C44: kg | D44: 20 | E44: =D44 -> 20 | F44: 24 | G44: =D44*F44 -> 480 | H44: =E44*F44 -> 480 | I44: =IF($N$16=0,0,D44/$N$16*1000) -> 0.44009881 | J44: =IF($O$16=0,0,E44/$O$16*1000) -> 0.44009881 | K44: 0.3
B45: SAL | C45: kg | D45: 2011.4 | E45: =D45 -> 2011.4 | F45: 0.64 | G45: =D45*F45 -> 1287.296 | H45: =E45*F45 -> 1287.296 | I45: =IF($N$16=0,0,D45/$N$16*1000) -> 44.260737 | J45: =IF($O$16=0,0,E45/$O$16*1000) -> 44.260737 | K45: 12
B46: HELACLOR TORRE | C46: kg | D46: 15 | E46: =D46 -> 15 | F46: 24 | G46: =D46*F46 -> 360 | H46: =E46*F46 -> 360 | I46: =IF($N$16=0,0,D46/$N$16*1000) -> 0.33007411 | J46: =IF($O$16=0,0,E46/$O$16*1000) -> 0.33007411 | K46: 0.4
B47: FILTRO B/O/D FERM. | C47: kg | E47: =D47 -> 0 | F47: 41.96 | G47: =D47*F47 -> 0 | H47: =E47*F47 -> 0 | I47: =IF($N$16=0,0,D47/$N$16*1000) -> 0 | J47: =IF($O$16=0,0,E47/$O$16*1000) -> 0 | K47: 0.2
B48: HELAMIN 9100 | C48: kg | D48: 126.67 | E48: =D48 -> 126.67 | F48: 23.51 | G48: =D48*F48 -> 2978.0117 | H48: =E48*F48 -> 2978.0117 | I48: =IF($N$16=0,0,D48/$N$16*1000) -> 2.7873658 | J48: =IF($O$16=0,0,E48/$O$16*1000) -> 2.7873658 | K48: 2
B49: FILTRO B/O/D CO2 | C49: kg | E49: =D49 -> 0 | F49: 41.96 | G49: =D49*F49 -> 0 | H49: =E49*F49 -> 0 | I49: =IF($N$16=0,0,D49/$N$16*1000) -> 0 | J49: =IF($O$16=0,0,E49/$O$16*1000) -> 0 | K49: 0.5
B50: HELAQUAT CO2 | C50: kg | D50: 10.8 | E50: =D50 -> 10.8 | F50: 43.43 | G50: =D50*F50 -> 469.044 | H50: =E50*F50 -> 469.044 | I50: =IF($N$16=0,0,D50/$N$16*1000) -> 0.23765336 | J50: =IF($O$16=0,0,E50/$O$16*1000) -> 0.23765336 | K50: 0.05
B51: CAL VIRGEM | C51: kg | D51: 1101.77 | E51: =D51 -> 1101.77 | F51: 1.03 | G51: =D51*F51 -> 1134.8231 | H51: =E51*F51 -> 1134.8231 | I51: =IF($N$16=0,0,D51/$N$16*1000) -> 24.244383 | J51: =IF($O$16=0,0,E51/$O$16*1000) -> 24.244383 | K51: 0
B52: AMONIA ANIDRA | F52: 26.1 | G52: =D52*F52 -> 0 | H52: =E52*F52 -> 0 | I52: =IF($N$16=0,0,D52/$N$16*1000) -> 0 | J52: =IF($O$16=0,0,E52/$O$16*1000) -> 0 | K52: 2.5

Sheet semana 2
B2: SEMANA | E2: CONSUMO DE PRODUTOS QUÍMICOS SAFRA 2025/2026
B3: 2 | C3: SEMANA 20/04/2026 A 26/04/2026
B4: Destilaria | D4: Consumo | F4: Custos( R$ ) | I4: Gr / m³ | M4: Descrição | N4: Semana | O4: Safra 2026 | P4: Safra 2025
D5: SEMANAL | E5: SAFRA | F5: VALOR | G5: SEMANA | H5: SAFRA | I5: SEMANA | J5: SAFRA | K5: META | M5: AÇÚCAR VHP (scs.) | N5: 58909 | O5: ='semana 1'!O5+N5 -> 105378 | P5: 46285
B6: ÁC.SULFURICO | C6: kg | D6: 19787.9 | E6: =SUM('semana 1'!E6+D6) -> 25769.72 | F6: 2.54 | G6: =F6*D6 -> 50261.266 | H6: ='semana 1'!H6+G6 -> 65455.089 | I6: =IF($N$9=0,0,D6/$N$9*1000) -> 8.2354601 | J6: =IF($O$9=0,0,E6/$O$9*1000)*1000 -> 7376.4003 | K6: 9.8 | M6: AÇÚCAR CRISTAL (scs.) | O6: ='semana 1'!O6+N6 -> 0
B7: ANTIBIÓTICO | C7: kg | D7: 40 | E7: =SUM('semana 1'!E7+D7) -> 70 | F7: 599 | G7: =F7*D7 -> 23960 | H7: ='semana 1'!H7+G7 -> 41930 | I7: =IF($N$9=0,0,D7/$N$9*1000)*1000 -> 16.647467 | J7: =IF($O$9=0,0,E7/$O$9*1000)*1000 -> 20.037005 | K7: 6.8 | M7: ETANOL ANIDRO ( L ) | O7: ='semana 1'!O7+N7 -> 0
B8: ANTIESPUMANTE | C8: kg | D8: 1870 | E8: =SUM('semana 1'!E8+D8) -> 3040 | F8: 12.81 | G8: =F8*D8 -> 23954.7 | H8: ='semana 1'!H8+G8 -> 38942.4 | I8: =IF($N$9=0,0,D8/$N$9*1000)*1000 -> 778.26906 | J8: =IF($O$9=0,0,E8/$O$9*1000)*1000 -> 870.17852 | K8: 400 | M8: ETANOL HIDRATADO ( L ) | N8: 2402768 | O8: ='semana 1'!O8+N8 -> 3493536 | P8: 593721
B9: DISPERSANTE | C9: kg | D9: 684.1 | E9: =SUM('semana 1'!E9+D9) -> 806.31 | F9: 25.15 | G9: =F9*D9 -> 17205.115 | H9: ='semana 1'!H9+G9 -> 20278.696 | I9: =IF($N$9=0,0,D9/$N$9*1000)*1000 -> 284.7133 | J9: =IF($O$9=0,0,E9/$O$9*1000)*1000 -> 230.80054 | K9: 200 | M9: ETANOL TOTAL | N9: =SUM(N7:N8) -> 2402768 | O9: =SUM(O7:O8) -> 3493536
B10: NEUT.ALCOOL | C10: kg | E10: =SUM('semana 1'!E10+D10) -> 0 | F10: 10.98 | G10: =F10*D10 -> 0 | H10: ='semana 1'!H10+G10 -> 0 | I10: =IF($N$9=0,0,D10/$N$9*1000)*1000 -> 0 | J10: =IF($O$9=0,0,E10/$O$9*1000)*1000 -> 0 | K10: 10 | M10: AÇUCAR TOTAL | N10: =SUM(N5:N6) -> 58909 | O10: =SUM(O5:O6) -> 105378
B11: NUTRIENTES | C11: kg | D11: 256 | E11: =SUM('semana 1'!E11+D11) -> 2653.34 | F11: 4.13 | G11: =F11*D11 -> 1057.28 | H11: ='semana 1'!H11+G11 -> 10958.294 | I11: =IF($N$9=0,0,D11/$N$9*1000)*1000 -> 106.54379 | J11: =IF($O$9=0,0,E11/$O$9*1000)*1000 -> 759.49983
B12: SODA CÁUSTICA | C12: kg | D12: 1200 | E12: =SUM('semana 1'!E12+D12) -> 1500 | F12: 5.83 | G12: =F12*D12 -> 6996 | H12: ='semana 1'!H12+G12 -> 8745 | I12: =IF($N$9=0,0,D12/$N$9*1000)*1000 -> 499.424 | J12: =IF($O$9=0,0,E12/$O$9*1000)*1000 -> 429.3644 | K12: 400 | M12: MOAGEM ( Toneladas )
B13: FERMAPLUS | C13: kg | D13: 290.01 | E13: =SUM('semana 1'!E13+D13) -> 290.01 | F13: 6 | G13: =F13*D13 -> 1740.06 | H13: ='semana 1'!H13+G13 -> 1740.06 | I13: =IF($N$9=0,0,D13/$N$9*1000)*1000 -> 120.69829 | J13: =IF($O$9=0,0,E13/$O$9*1000)*1000 -> 83.013314 | K13: 500 | M13: CANA MOÍDA | N13: SEMANA | O13: SAFRA 2026 | P13: SAFRA 2025
B14: MONENSINA | C14: kg | D14: 15 | E14: =SUM('semana 1'!E14+D14) -> 15 | F14: 425 | G14: =F14*D14 -> 6375 | H14: ='semana 1'!H14+G14 -> 6375 | I14: =IF($N$9=0,0,D14/$N$9*1000)*1000 -> 6.2428 | J14: =IF($O$9=0,0,E14/$O$9*1000)*1000 -> 4.293644 | K14: 3 | M14: PARA ETANOL | N14: 32779.661 | O14: ='semana 1'!O14+'semana 2'!N14 -> 52127.708 | P14: 17596.294
M15: PARA AÇÚCAR | N15: 24180.939 | O15: ='semana 1'!O15+'semana 2'!N15 -> 50277.232 | P15: 32677.166
B16: Fábrica | D16: Consumo | F16: Custos( R$ ) | I16: Gr / tc | M16: MOÍDA TOTAL | N16: =SUM(N14:N15) -> 56960.6 | O16: =SUM(O14:O15) -> 102404.94 | P16: =P15+P14 -> 50273.46
D17: SEMANAL | E17: SAFRA | F17: VALOR | G17: SEMANA | H17: SAFRA | I17: SEMANA | J17: SAFRA | K17: META
B18: FLOCULANTE | C18: kg | D18: 350 | E18: ='semana 1'!E18+D18 -> 725 | F18: 21 | G18: =D18*F18 -> 7350 | H18: ='semana 1'!H18+G18 -> 15225 | I18: =IF($N$10=0,0,D18/$N$16*1000) -> 6.1445982 | J18: =IF($O$10=0,0,E18/$O$16*1000) -> 7.0797366 | K18: 6.1 | M18: SETOR | N18: SEMANA | O18: SAFRA 2025
B19: FLOCUL. FILTRO | C19: kg | D19: 350 | E19: ='semana 1'!E19+D19 -> 675 | F19: 15.63 | G19: =D19*F19 -> 5470.5 | H19: ='semana 1'!H19+G19 -> 10550.25 | I19: =IF($N$10=0,0,D19/$N$16*1000) -> 6.1445982 | J19: =IF($O$10=0,0,E19/$O$16*1000) -> 6.5914789 | K19: 9 | M19: DESTILARIA | N19: =SUM(G6:G14) -> 131549.42 | O19: =SUM(H6:H14) -> 194424.54
B20: ENXOFRE | C20: kg | E20: ='semana 1'!E20+D20 -> 1000 | F20: 6.7 | G20: =D20*F20 -> 0 | H20: ='semana 1'!H20+G20 -> 6700 | I20: =IF($N$10=0,0,D20/$N$16*1000) -> 0 | J20: =IF($O$10=0,0,E20/$O$16*1000) -> 9.7651539 | K20: 51 | M20: FÁBRICA | N20: =SUM(G18:G27) -> 69084.746 | O20: =SUM(H18:H27) -> 137644.5
B21: AC.FOSFÓRICO | C21: kg | E21: ='semana 1'!E21+D21 -> 0 | F21: 5.85 | G21: =D21*F21 -> 0 | H21: ='semana 1'!H21+G21 -> 0 | I21: =IF($N$10=0,0,D21/$N$16*1000) -> 0 | J21: =IF($O$10=0,0,E21/$O$16*1000) -> 0 | M21: MOENDA | N21: =SUM(G30:G36) -> 7220.3612 | O21: =SUM(H30:H36) -> 13594.674
B22: CAL DOLOMÍTICA | C22: kg | D22: 32296 | E22: ='semana 1'!E22+D22 -> 66296 | F22: 1.03 | G22: =D22*F22 -> 33264.88 | H22: ='semana 1'!H22+G22 -> 68284.88 | I22: =IF($N$10=0,0,D22/$N$16*1000) -> 566.98841 | J22: =IF($O$10=0,0,E22/$O$16*1000) -> 647.39064 | K22: 1000 | M22: ETA/CALD. | N22: =SUM(G40:G51) -> 15585.747 | O22: =SUM(H40:H51) -> 37348.922
B23: SODA CÁUSTICA | C23: kg | D23: 775 | E23: ='semana 1'!E23+D23 -> 1350 | F23: 5.83 | G23: =D23*F23 -> 4518.25 | H23: ='semana 1'!H23+G23 -> 7870.5 | I23: =IF($N$10=0,0,D23/$N$16*1000) -> 13.605896 | J23: =IF($O$10=0,0,E23/$O$16*1000) -> 13.182958 | K23: 13 | M23: CUSTO TOTAL (R$ ) | N23: =SUM(N19:N22) -> 223440.28 | O23: =SUM(O19:O22) -> 383012.63
B24: NEUT.VAPOR | C24: kg | D24: 663.54 | E24: ='semana 1'!E24+D24 -> 1090.59 | F24: 8 | G24: =D24*F24 -> 5308.32 | H24: ='semana 1'!H24+G24 -> 8724.72 | I24: =IF($N$10=0,0,D24/$N$16*1000) -> 11.649105 | J24: =IF($O$10=0,0,E24/$O$16*1000) -> 10.649779 | K24: 2.8
B25: ANTI-INCRUST. | C25: kg | D25: 2251.76 | E25: ='semana 1'!E25+D25 -> 3468.23 | F25: 5.85 | G25: =D25*F25 -> 13172.796 | H25: ='semana 1'!H25+G25 -> 20289.145 | I25: =IF($N$10=0,0,D25/$N$16*1000) -> 39.531887 | J25: =IF($O$10=0,0,E25/$O$16*1000) -> 33.8678 | K25: 28 | M25: Setor | N25: Semana | P25: Safra 2025
B26: CLARIFICANTE FL 40 | C26: Kg | E26: ='semana 1'!E26+D26 -> 0 | F26: 6.98 | G26: =D26*F26 -> 0 | H26: ='semana 1'!H26+G26 -> 0 | I26: =IF($N$10=0,0,D26/$N$16*1000) -> 0 | J26: =IF($O$10=0,0,E26/$O$16*1000) -> 0 | K26: 21.3 | M26: DESTILARIA | N26: =IF($N$9=0,0,N19/$N$9*1000) -> 54.749115 | O26: R$/m³ | P26: =IF($O$9=0,0,O19/$O$9*1000) -> 55.652651 | Q26: R$/m³
B27: LUBRIFICANTE MASSA | C27: Kg | E27: ='semana 1'!E27+D27 -> 0 | G27: =D27*F27 -> 0 | H27: ='semana 1'!H27+G27 -> 0 | I27: =IF($N$10=0,0,D27/$N$16*1000) -> 0 | J27: =IF($O$10=0,0,E27/$O$16*1000) -> 0 | K27: 3.6 | M27: FÁBRICA | N27: =IF($N$10=0,0,N20/$N$16) -> 1.2128514 | O27: R$/tc | P27: =IF($O$10=0,0,O20/$O$16) -> 1.3441197 | Q27: R$/tc
B28: Moenda | D28: Consumo | F28: Custos( R$ ) | I28: Gr / tc | M28: MOENDA | N28: =IF($N$16=0,0,N21/$N$16) -> 0.12676062 | O28: R$/tc | P28: =IF($O$16=0,0,O21/$O$16) -> 0.13275408 | Q28: R$/tc
D29: SEMANAL | E29: SAFRA | F29: VALOR | G29: SEMANA | H29: SAFRA | I29: SEMANA | J29: SAFRA | K29: META | M29: ETA/CALD. | N29: =IF($N$16=0,0,N22/$N$16) -> 0.27362329 | O29: R$/tc | P29: =IF($O$16=0,0,O22/$O$16) -> 0.36471797 | Q29: R$/tc
B30: CAL VIRGEM | C30: kg | E30: ='semana 1'!E30+D30 -> 0 | F30: 1.03 | G30: =D30*F30 -> 0 | H30: =E30*F30 -> 0 | I30: =IF($N$16=0,0,D30/$N$16*1000) -> 0 | J30: =IF($O$16=0,0,E30/$O$16*1000) -> 0 | K30: 0 | M30: TOTAL | N30: =IF($N$16=0,0,N23/$N$16) -> 3.9227163 | O30: R$/tc | P30: =IF($O$16=0,0,O23/$O$16) -> 3.7401773 | Q30: R$/tc
B31: SODA CÁUSTICA | C31: kg | E31: ='semana 1'!E31+D31 -> 25 | F31: 5.83 | G31: =D31*F31 -> 0 | H31: =E31*F31 -> 145.75 | I31: =IF($N$16=0,0,D31/$N$16*1000) -> 0 | J31: =IF($O$16=0,0,E31/$O$16*1000) -> 0.24412885 | K31: 1.5
B32: BAC.QUATERNARIO | C32: kg | D32: 705.88 | E32: ='semana 1'!E32+D32 -> 1317.65 | F32: 8.99 | G32: =D32*F32 -> 6345.8612 | H32: =E32*F32 -> 11845.674 | I32: =IF($N$16=0,0,D32/$N$16*1000) -> 12.392426 | J32: =IF($O$16=0,0,E32/$O$16*1000) -> 12.867055 | K32: 8
B33: HELACLOR | C33: kg | E33: ='semana 1'!E33+D33 -> 0 | F33: 24 | G33: =D33*F33 -> 0 | H33: =E33*F33 -> 0 | I33: =IF($N$16=0,0,D33/$N$16*1000) -> 0 | J33: =IF($O$16=0,0,E33/$O$16*1000) -> 0 | K33: 0
B34: SODA PENEIRA ROTATIVA | C34: Kg | D34: 100 | E34: ='semana 1'!E34+D34 -> 150 | F34: 5.83 | G34: =D34*F34 -> 583 | H34: =E34*F34 -> 874.5 | I34: =IF($N$16=0,0,D34/$N$16*1000) -> 1.7555995 | J34: =IF($O$16=0,0,E34/$O$16*1000) -> 1.4647731 | K34: 2
B35: SODA PENEIRA VIBRATÓRIA | C35: kg | D35: 50 | E35: ='semana 1'!E35+D35 -> 125 | F35: 5.83 | G35: =D35*F35 -> 291.5 | H35: =E35*F35 -> 728.75 | I35: =IF($N$16=0,0,D35/$N$16*1000) -> 0.87779974 | J35: =IF($O$16=0,0,E35/$O$16*1000) -> 1.2206442 | K35: 1
B36: ESTEIRA METALICA | C36: kg | E36: ='semana 1'!E36+D36 -> 0 | F36: 5.83 | G36: =D36*F36 -> 0 | H36: =E36*F36 -> 0 | I36: =IF($N$16=0,0,D36/$N$16*1000) -> 0 | J36: =IF($O$16=0,0,E36/$O$16*1000) -> 0 | K36: 1
B38: Caldeira / Eta | D38: Consumo | F38: Custos ( R$ ) | I38: Gr/tc
D39: SEMANAL | E39: SAFRA | F39: VALOR | G39: SEMANA | H39: SAFRA | I39: SEMANA | J39: SAFRA | K39: META
B40: SODA CÁUSTICA | C40: kg | D40: 175 | E40: ='semana 1'!E40+D40 -> 675 | F40: 5.83 | G40: =D40*F40 -> 1020.25 | H40: =E40*F40 -> 3935.25 | I40: =IF($N$16=0,0,D40/$N$16*1000) -> 3.0722991 | J40: =IF($O$16=0,0,E40/$O$16*1000) -> 6.5914789 | K40: 6
B41: BRW 150 HELAMIN | C41: kg | D41: 150 | E41: ='semana 1'!E41+D41 -> 400 | F41: 37.84 | G41: =D41*F41 -> 5676 | H41: =E41*F41 -> 15136 | I41: =IF($N$16=0,0,D41/$N$16*1000) -> 2.6333992 | J41: =IF($O$16=0,0,E41/$O$16*1000) -> 3.9060616 | K41: 3
B42: POLÍMERO | C42: kg | E42: ='semana 1'!E42+D42 -> 38.5 | F42: 21 | G42: =D42*F42 -> 0 | H42: =E42*F42 -> 808.5 | I42: =IF($N$16=0,0,D42/$N$16*1000) -> 0 | J42: =IF($O$16=0,0,E42/$O$16*1000) -> 0.37595843 | K42: 0.35
B43: POLICLORETO | C43: kg | D43: 390 | E43: ='semana 1'!E43+D43 -> 1035 | F43: 2.9 | G43: =D43*F43 -> 1131 | H43: =E43*F43 -> 3001.5 | I43: =IF($N$16=0,0,D43/$N$16*1000) -> 6.846838 | J43: =IF($O$16=0,0,E43/$O$16*1000) -> 10.106934 | K43: 7
B44: HELACLOR ETA | C44: kg | D44: 15 | E44: ='semana 1'!E44+D44 -> 35 | F44: 24 | G44: =D44*F44 -> 360 | H44: =E44*F44 -> 840 | I44: =IF($N$16=0,0,D44/$N$16*1000) -> 0.26333992 | J44: =IF($O$16=0,0,E44/$O$16*1000) -> 0.34178039 | K44: 0.3
B45: SAL | C45: kg | D45: 1910.83 | E45: ='semana 1'!E45+D45 -> 3922.23 | F45: 0.64 | G45: =D45*F45 -> 1222.9312 | H45: =E45*F45 -> 2510.2272 | I45: =IF($N$16=0,0,D45/$N$16*1000) -> 33.546522 | J45: =IF($O$16=0,0,E45/$O$16*1000) -> 38.30118 | K45: 12
B46: HELACLOR TORRE | C46: kg | D46: 15 | E46: ='semana 1'!E46+D46 -> 30 | F46: 24 | G46: =D46*F46 -> 360 | H46: =E46*F46 -> 720 | I46: =IF($N$16=0,0,D46/$N$16*1000) -> 0.26333992 | J46: =IF($O$16=0,0,E46/$O$16*1000) -> 0.29295462 | K46: 0.4
B47: FILTRO B/O/D FERM. | C47: kg | E47: ='semana 1'!E47+D47 -> 0 | F47: 41.96 | G47: =D47*F47 -> 0 | H47: =E47*F47 -> 0 | I47: =IF($N$16=0,0,D47/$N$16*1000) -> 0 | J47: =IF($O$16=0,0,E47/$O$16*1000) -> 0 | K47: 0.2
B48: HELAMIN 9100 | C48: kg | D48: 167.77 | E48: ='semana 1'!E48+D48 -> 294.44 | F48: 23.51 | G48: =D48*F48 -> 3944.2727 | H48: =E48*F48 -> 6922.2844 | I48: =IF($N$16=0,0,D48/$N$16*1000) -> 2.9453693 | J48: =IF($O$16=0,0,E48/$O$16*1000) -> 2.8752519 | K48: 2
B49: FILTRO B/O/D CO2 | C49: kg | E49: ='semana 1'!E49+D49 -> 0 | F49: 41.96 | G49: =D49*F49 -> 0 | H49: =E49*F49 -> 0 | I49: =IF($N$16=0,0,D49/$N$16*1000) -> 0 | J49: =IF($O$16=0,0,E49/$O$16*1000) -> 0 | K49: 0.5
B50: HELAQUAT CO2 | C50: kg | D50: 16.96 | E50: ='semana 1'!E50+D50 -> 27.76 | F50: 43.43 | G50: =D50*F50 -> 736.5728 | H50: =E50*F50 -> 1205.6168 | I50: =IF($N$16=0,0,D50/$N$16*1000) -> 0.29774967 | J50: =IF($O$16=0,0,E50/$O$16*1000) -> 0.27108067 | K50: 0.05
B51: CAL VIRGEM | C51: kg | D51: 1101.67 | E51: ='semana 1'!E51+D51 -> 2203.44 | F51: 1.03 | G51: =D51*F51 -> 1134.7201 | H51: =E51*F51 -> 2269.5432 | I51: =IF($N$16=0,0,D51/$N$16*1000) -> 19.340913 | J51: =IF($O$16=0,0,E51/$O$16*1000) -> 21.516931 | K51: 0
B52: AMONIA ANIDRA | C52: Kg | E52: ='semana 1'!E52+D52 -> 0 | F52: 26.1 | G52: =D52*F52 -> 0 | H52: =E52*F52 -> 0 | I52: =IF($N$16=0,0,D52/$N$16*1000) -> 0 | J52: =IF($O$16=0,0,E52/$O$16*1000) -> 0 | K52: 2.5

Sheet semana 3
B2: SEMANA | E2: CONSUMO DE PRODUTOS QUÍMICOS SAFRA 2026/2027 | S2: SEMANA 2
B3: 3 | C3: SEMANA 27/04/2026 A 03/05/2026
B4: Destilaria | D4: Consumo | F4: Custos( R$ ) | I4: Gr / m³ | M4: Descrição | N4: Semana | O4: Safra 2025 | P4: Safra 2024
D5: SEMANAL | E5: SAFRA | F5: VALOR | G5: SEMANA | H5: SAFRA | I5: SEMANA | J5: SAFRA | K5: META | M5: AÇÚCAR VHP (scs.) | N5: 61456 | O5: =INDIRECT("'" & $S$2 & "'!O" & ROW()) + N5 -> 166834 | P5: 109459
B6: ÁC.SULFURICO | C6: kg | D6: 8459.22 | E6: =INDIRECT("'" & $S$2 & "'!E" & ROW()) + D6 -> 34228.94 | F6: 2.54 | G6: =F6*D6 -> 21486.419 | H6: =INDIRECT("'" & $S$2 & "'!H" & ROW()) + G6 -> 86941.508 | I6: =IF($N$9=0,0,D6/$N$9*1000) -> 3.264006 | J6: =IF($O$9=0,0,E6/$O$9*1000) -> 5.6249454 | K6: 9.8 | M6: AÇÚCAR CRISTAL (scs.) | O6: ='semana 1'!O6+N6 -> 0
B7: ANTIBIÓTICO | C7: kg | E7: =INDIRECT("'" & $S$2 & "'!E" & ROW()) + D7 -> 70 | F7: 599 | G7: =F7*D7 -> 0 | H7: =INDIRECT("'" & $S$2 & "'!H" & ROW()) + G7 -> 41930 | I7: =IF($N$9=0,0,D7/$N$9*1000)*1000 -> 0 | J7: =IF($O$9=0,0,E7/$O$9*1000)*1000 -> 11.503312 | K7: 6.8 | M7: ETANOL ANIDRO ( L ) | O7: ='semana 1'!O7+N7 -> 0
B8: ANTIESPUMANTE | C8: kg | D8: 2520 | E8: =INDIRECT("'" & $S$2 & "'!E" & ROW()) + D8 -> 5560 | F8: 15 | G8: =F8*D8 -> 37800 | H8: =INDIRECT("'" & $S$2 & "'!H" & ROW()) + G8 -> 76742.4 | I8: =IF($N$9=0,0,D8/$N$9*1000)*1000 -> 972.34677 | J8: =IF($O$9=0,0,E8/$O$9*1000)*1000 -> 913.69164 | K8: 400 | M8: ETANOL HIDRATADO ( L ) | N8: 2591668 | O8: =INDIRECT("'" & $S$2 & "'!O" & ROW()) + N8 -> 6085204 | P8: 1891659
B9: DISPERSANTE | C9: kg | D9: 1445.67 | E9: =INDIRECT("'" & $S$2 & "'!E" & ROW()) + D9 -> 2251.98 | F9: 25.15 | G9: =F9*D9 -> 36358.601 | H9: =INDIRECT("'" & $S$2 & "'!H" & ROW()) + G9 -> 56637.297 | I9: =IF($N$9=0,0,D9/$N$9*1000)*1000 -> 557.8145 | J9: =IF($O$9=0,0,E9/$O$9*1000)*1000 -> 370.07469 | K9: 200 | M9: ETANOL TOTAL | N9: =SUM(N7:N8) -> 2591668 | O9: =SUM(O7:O8) -> 6085204
B10: NEUT.ALCOOL | C10: kg | D10: 50 | E10: =INDIRECT("'" & $S$2 & "'!E" & ROW()) + D10 -> 50 | F10: 10.98 | G10: =F10*D10 -> 549 | H10: =INDIRECT("'" & $S$2 & "'!H" & ROW()) + G10 -> 549 | I10: =IF($N$9=0,0,D10/$N$9*1000)*1000 -> 19.292595 | J10: =IF($O$9=0,0,E10/$O$9*1000)*1000 -> 8.2166514 | K10: 10 | M10: AÇUCAR TOTAL | N10: =SUM(N5:N6) -> 61456 | O10: =SUM(O5:O6) -> 166834
B11: NUTRIENTES | C11: kg | E11: =INDIRECT("'" & $S$2 & "'!E" & ROW()) + D11 -> 2653.34 | F11: 4.13 | G11: =F11*D11 -> 0 | H11: =INDIRECT("'" & $S$2 & "'!H" & ROW()) + G11 -> 10958.294 | I11: =IF($N$9=0,0,D11/$N$9*1000)*1000 -> 0 | J11: =IF($O$9=0,0,E11/$O$9*1000)*1000 -> 436.0314
B12: SODA CÁUSTICA | C12: kg | D12: 725 | E12: =INDIRECT("'" & $S$2 & "'!E" & ROW()) + D12 -> 2225 | F12: 5.83 | G12: =F12*D12 -> 4226.75 | H12: =INDIRECT("'" & $S$2 & "'!H" & ROW()) + G12 -> 12971.75 | I12: =IF($N$9=0,0,D12/$N$9*1000)*1000 -> 279.74262 | J12: =IF($O$9=0,0,E12/$O$9*1000)*1000 -> 365.64099 | K12: 400 | M12: MOAGEM ( Toneladas )
B13: FERMAPLUS | C13: kg | D13: 580 | E13: =INDIRECT("'" & $S$2 & "'!E" & ROW()) + D13 -> 870.01 | F13: 6 | G13: =F13*D13 -> 3480 | H13: =INDIRECT("'" & $S$2 & "'!H" & ROW()) + G13 -> 5220.06 | I13: =IF($N$9=0,0,D13/$N$9*1000)*1000 -> 223.7941 | J13: =IF($O$9=0,0,E13/$O$9*1000)*1000 -> 142.97138 | K13: 500 | M13: CANA MOÍDA | N13: SEMANA | O13: SAFRA 2025 | P13: SAFRA 2024
B14: MONENSINA | C14: kg | E14: =INDIRECT("'" & $S$2 & "'!E" & ROW()) + D14 -> 15 | F14: 425 | G14: =F14*D14 -> 0 | H14: =INDIRECT("'" & $S$2 & "'!H" & ROW()) + G14 -> 6375 | I14: =IF($N$9=0,0,D14/$N$9*1000)*1000 -> 0 | J14: =IF($O$9=0,0,E14/$O$9*1000)*1000 -> 2.4649954 | K14: 3 | M14: PARA ETANOL | N14: 34518.719 | O14: =INDIRECT("'" & $S$2 & "'!O" & ROW()) + N14 -> 86646.427 | P14: 35394.24
M15: PARA AÇÚCAR | N15: 24985.721 | O15: =INDIRECT("'" & $S$2 & "'!O" & ROW()) + N15 -> 75262.953 | P15: 58637.28
B16: Fábrica | D16: Consumo | F16: Custos( R$ ) | I16: Gr / tc | M16: MOÍDA TOTAL | N16: =SUM(N14:N15) -> 59504.44 | O16: =SUM(O14:O15) -> 161909.38 | P16: =P15+P14 -> 94031.52
D17: SEMANAL | E17: SAFRA | F17: VALOR | G17: SEMANA | H17: SAFRA | I17: SEMANA | J17: SAFRA | K17: META
B18: FLOCULANTE | C18: kg | D18: 325 | E18: =INDIRECT("'" & $S$2 & "'!E" & ROW()) + D18 -> 1050 | F18: 21 | G18: =D18*F18 -> 6825 | H18: =INDIRECT("'" & $S$2 & "'!H" & ROW()) + G18 -> 22050 | I18: =IF($N$10=0,0,D18/$N$16*1000) -> 5.4617773 | J18: =IF($O$10=0,0,E18/$O$16*1000) -> 6.4851091 | K18: 6.1 | M18: SETOR | N18: SEMANA | O18: SAFRA 2025
B19: FLOCUL. FILTRO | C19: kg | D19: 425 | E19: =INDIRECT("'" & $S$2 & "'!E" & ROW()) + D19 -> 1100 | F19: 15.63 | G19: =D19*F19 -> 6642.75 | H19: =INDIRECT("'" & $S$2 & "'!H" & ROW()) + G19 -> 17193 | I19: =IF($N$10=0,0,D19/$N$16*1000) -> 7.1423242 | J19: =IF($O$10=0,0,E19/$O$16*1000) -> 6.7939239 | K19: 9 | M19: DESTILARIA | N19: =SUM(G6:G14) -> 103900.77 | O19: =INDIRECT("'" & $S$2 & "'!O" & ROW()) + N19 -> 298325.31
B20: ENXOFRE | C20: kg | E20: =INDIRECT("'" & $S$2 & "'!E" & ROW()) + D20 -> 1000 | F20: 6.7 | G20: =D20*F20 -> 0 | H20: =INDIRECT("'" & $S$2 & "'!H" & ROW()) + G20 -> 6700 | I20: =IF($N$10=0,0,D20/$N$16*1000) -> 0 | J20: =IF($O$10=0,0,E20/$O$16*1000) -> 6.1762944 | K20: 51 | M20: FÁBRICA | N20: =SUM(G18:G27)+G51 -> 66002.84 | O20: =INDIRECT("'" & $S$2 & "'!O" & ROW()) + N20 -> 203647.34
B21: AC.FOSFÓRICO | C21: kg | E21: =INDIRECT("'" & $S$2 & "'!E" & ROW()) + D21 -> 0 | F21: 5.85 | G21: =D21*F21 -> 0 | H21: =INDIRECT("'" & $S$2 & "'!H" & ROW()) + G21 -> 0 | I21: =IF($N$10=0,0,D21/$N$16*1000) -> 0 | J21: =IF($O$10=0,0,E21/$O$16*1000) -> 0 | M21: MOENDA | N21: =SUM(G30:G37) -> 8267.8052 | O21: =INDIRECT("'" & $S$2 & "'!O" & ROW()) + N21 -> 21862.479
B22: CAL DOLOMÍTICA | C22: kg | D22: 26296.6 | E22: =INDIRECT("'" & $S$2 & "'!E" & ROW()) + D22 -> 92592.6 | F22: 1.03 | G22: =D22*F22 -> 27085.498 | H22: =INDIRECT("'" & $S$2 & "'!H" & ROW()) + G22 -> 95370.378 | I22: =IF($N$10=0,0,D22/$N$16*1000) -> 441.92669 | J22: =IF($O$10=0,0,E22/$O$16*1000) -> 571.87916 | K22: 1000 | M22: ETA/CALD. | N22: =SUM(G40:G53)-G51 -> 13355.406 | O22: =INDIRECT("'" & $S$2 & "'!O" & ROW()) + N22 -> 50704.328
B23: SODA CÁUSTICA | C23: kg | D23: 600 | E23: =INDIRECT("'" & $S$2 & "'!E" & ROW()) + D23 -> 1950 | F23: 5.83 | G23: =D23*F23 -> 3498 | H23: =INDIRECT("'" & $S$2 & "'!H" & ROW()) + G23 -> 11368.5 | I23: =IF($N$10=0,0,D23/$N$16*1000) -> 10.083281 | J23: =IF($O$10=0,0,E23/$O$16*1000) -> 12.043774 | K23: 13 | M23: CUSTO TOTAL (R$ ) | N23: =SUM(N19:N22) -> 191526.82 | O23: =SUM(O19:O22) -> 574539.45
B24: NEUT.VAPOR | C24: kg | D24: 1239.41 | E24: =INDIRECT("'" & $S$2 & "'!E" & ROW()) + D24 -> 2330 | F24: 8 | G24: =D24*F24 -> 9915.28 | H24: =INDIRECT("'" & $S$2 & "'!H" & ROW()) + G24 -> 18640 | I24: =IF($N$10=0,0,D24/$N$16*1000) -> 20.828866 | J24: =IF($O$10=0,0,E24/$O$16*1000) -> 14.390766 | K24: 2.8
B25: ANTI-INCRUST. | C25: kg | D25: 1863.52 | E25: =INDIRECT("'" & $S$2 & "'!E" & ROW()) + D25 -> 5331.75 | F25: 5.85 | G25: =D25*F25 -> 10901.592 | H25: =INDIRECT("'" & $S$2 & "'!H" & ROW()) + G25 -> 31190.737 | I25: =IF($N$10=0,0,D25/$N$16*1000) -> 31.317327 | J25: =IF($O$10=0,0,E25/$O$16*1000) -> 32.930458 | K25: 28 | M25: Setor | N25: Semana | P25: Safra 2025
B26: CLARIFICANTE FL 40 | C26: Kg | E26: =INDIRECT("'" & $S$2 & "'!E" & ROW()) + D26 -> 0 | F26: 6.98 | G26: =D26*F26 -> 0 | H26: =INDIRECT("'" & $S$2 & "'!H" & ROW()) + G26 -> 0 | I26: =IF($N$10=0,0,D26/$N$16*1000) -> 0 | J26: =IF($O$10=0,0,E26/$O$16*1000) -> 0 | K26: 21.3 | M26: DESTILARIA | N26: =IF($N$9=0,0,N19/$N$9*1000) -> 40.090308 | O26: R$/m³ | P26: =IF($O$9=0,0,O19/$O$9*1000) -> 49.024701 | Q26: R$/m³
B27: LUBRIFICANTE MASSA | C27: Kg | E27: =INDIRECT("'" & $S$2 & "'!E" & ROW()) + D27 -> 0 | G27: =D27*F27 -> 0 | H27: =INDIRECT("'" & $S$2 & "'!H" & ROW()) + G27 -> 0 | I27: =IF($N$10=0,0,D27/$N$16*1000) -> 0 | J27: =IF($O$10=0,0,E27/$O$16*1000) -> 0 | K27: 3.6 | M27: FÁBRICA | N27: =IF($N$10=0,0,N20/$N$16) -> 1.1092087 | O27: R$/tc | P27: =IF($O$10=0,0,O20/$O$16) -> 1.2577859 | Q27: R$/tc
B28: Moenda | D28: Consumo | F28: Custos( R$ ) | I28: Gr / tc | M28: MOENDA | N28: =IF($N$16=0,0,N21/$N$16) -> 0.13894434 | O28: R$/tc | P28: =IF($O$16=0,0,O21/$O$16) -> 0.13502911 | Q28: R$/tc
D29: SEMANAL | E29: SAFRA | F29: VALOR | G29: SEMANA | H29: SAFRA | I29: SEMANA | J29: SAFRA | K29: META | M29: ETA/CALD. | N29: =IF($N$16=0,0,N22/$N$16) -> 0.22444386 | O29: R$/tc | P29: =IF($O$16=0,0,O22/$O$16) -> 0.31316486 | Q29: R$/tc
B30: CAL VIRGEM | C30: kg | E30: =INDIRECT("'" & $S$2 & "'!E" & ROW()) + D30 -> 0 | F30: 1.03 | G30: =D30*F30 -> 0 | H30: =INDIRECT("'" & $S$2 & "'!H" & ROW()) + G30 -> 0 | I30: =IF($N$16=0,0,D30/$N$16*1000) -> 0 | J30: =IF($O$16=0,0,E30/$O$16*1000) -> 0 | K30: 0 | M30: TOTAL | N30: =IF($N$16=0,0,N23/$N$16) -> 3.218698 | O30: R$/tc | P30: =IF($O$16=0,0,O23/$O$16) -> 3.5485248 | Q30: R$/tc
B31: SODA CÁUSTICA | C31: kg | D31: 50 | E31: =INDIRECT("'" & $S$2 & "'!E" & ROW()) + D31 -> 75 | F31: 5.83 | G31: =D31*F31 -> 291.5 | H31: =INDIRECT("'" & $S$2 & "'!H" & ROW()) + G31 -> 437.25 | I31: =IF($N$16=0,0,D31/$N$16*1000) -> 0.84027343 | J31: =IF($O$16=0,0,E31/$O$16*1000) -> 0.46322208 | K31: 1.5
B32: BAC.QUATERNARIO | C32: kg | D32: 676.48 | E32: =INDIRECT("'" & $S$2 & "'!E" & ROW()) + D32 -> 1994.13 | F32: 8.99 | G32: =D32*F32 -> 6081.5552 | H32: =INDIRECT("'" & $S$2 & "'!H" & ROW()) + G32 -> 17927.229 | I32: =IF($N$16=0,0,D32/$N$16*1000) -> 11.368563 | J32: =IF($O$16=0,0,E32/$O$16*1000) -> 12.316334 | K32: 8
B33: HELACLOR | C33: kg | E33: =INDIRECT("'" & $S$2 & "'!E" & ROW()) + D33 -> 0 | F33: 24 | G33: =D33*F33 -> 0 | H33: =INDIRECT("'" & $S$2 & "'!H" & ROW()) + G33 -> 0 | I33: =IF($N$16=0,0,D33/$N$16*1000) -> 0 | J33: =IF($O$16=0,0,E33/$O$16*1000) -> 0 | K33: 0
B34: SODA PENEIRA ROTATIVA | C34: Kg | D34: 200 | E34: =INDIRECT("'" & $S$2 & "'!E" & ROW()) + D34 -> 350 | F34: 5.83 | G34: =D34*F34 -> 1166 | H34: =INDIRECT("'" & $S$2 & "'!H" & ROW()) + G34 -> 2040.5 | I34: =IF($N$16=0,0,D34/$N$16*1000) -> 3.3610937 | J34: =IF($O$16=0,0,E34/$O$16*1000) -> 2.161703 | K34: 2
B35: SODA PENEIRA VIBRATÓRIA | C35: kg | D35: 125 | E35: =INDIRECT("'" & $S$2 & "'!E" & ROW()) + D35 -> 250 | F35: 5.83 | G35: =D35*F35 -> 728.75 | H35: =INDIRECT("'" & $S$2 & "'!H" & ROW()) + G35 -> 1457.5 | I35: =IF($N$16=0,0,D35/$N$16*1000) -> 2.1006836 | J35: =IF($O$16=0,0,E35/$O$16*1000) -> 1.5440736 | K35: 1
B36: ESTEIRA METALICA | C36: kg | E36: =INDIRECT("'" & $S$2 & "'!E" & ROW()) + D36 -> 0 | F36: 5.83 | G36: =D36*F36 -> 0 | H36: =INDIRECT("'" & $S$2 & "'!H" & ROW()) + G36 -> 0 | I36: =IF($N$16=0,0,D36/$N$16*1000) -> 0 | J36: =IF($O$16=0,0,E36/$O$16*1000) -> 0 | K36: 1
B38: Caldeira / Eta | D38: Consumo | F38: Custos ( R$ ) | I38: Gr/tc
D39: SEMANAL | E39: SAFRA | F39: VALOR | G39: SEMANA | H39: SAFRA | I39: SEMANA | J39: SAFRA | K39: META
B40: SODA CÁUSTICA | C40: kg | E40: =INDIRECT("'" & $S$2 & "'!E" & ROW()) + D40 -> 675 | F40: 5.83 | G40: =D40*F40 -> 0 | H40: =INDIRECT("'" & $S$2 & "'!H" & ROW()) + G40 -> 3935.25 | I40: =IF($N$16=0,0,D40/$N$16*1000) -> 0 | J40: =IF($O$16=0,0,E40/$O$16*1000) -> 4.1689987 | K40: 6
B41: BRW 150 HELAMIN | C41: kg | D41: 150 | E41: =INDIRECT("'" & $S$2 & "'!E" & ROW()) + D41 -> 550 | F41: 37.84 | G41: =D41*F41 -> 5676 | H41: =INDIRECT("'" & $S$2 & "'!H" & ROW()) + G41 -> 20812 | I41: =IF($N$16=0,0,D41/$N$16*1000) -> 2.5208203 | J41: =IF($O$16=0,0,E41/$O$16*1000) -> 3.3969619 | K41: 3
B42: POLÍMERO | C42: kg | E42: =INDIRECT("'" & $S$2 & "'!E" & ROW()) + D42 -> 38.5 | F42: 21 | G42: =D42*F42 -> 0 | H42: =INDIRECT("'" & $S$2 & "'!H" & ROW()) + G42 -> 808.5 | I42: =IF($N$16=0,0,D42/$N$16*1000) -> 0 | J42: =IF($O$16=0,0,E42/$O$16*1000) -> 0.23778734 | K42: 0.35
B43: POLICLORETO | C43: kg | D43: 345 | E43: =INDIRECT("'" & $S$2 & "'!E" & ROW()) + D43 -> 1380 | F43: 2.9 | G43: =D43*F43 -> 1000.5 | H43: =INDIRECT("'" & $S$2 & "'!H" & ROW()) + G43 -> 4002 | I43: =IF($N$16=0,0,D43/$N$16*1000) -> 5.7978867 | J43: =IF($O$16=0,0,E43/$O$16*1000) -> 8.5232863 | K43: 7
B44: HELACLOR ETA | C44: kg | D44: 20 | E44: =INDIRECT("'" & $S$2 & "'!E" & ROW()) + D44 -> 55 | F44: 24 | G44: =D44*F44 -> 480 | H44: =INDIRECT("'" & $S$2 & "'!H" & ROW()) + G44 -> 1320 | I44: =IF($N$16=0,0,D44/$N$16*1000) -> 0.33610937 | J44: =IF($O$16=0,0,E44/$O$16*1000) -> 0.33969619 | K44: 0.3
B45: SAL | C45: kg | D45: 1508.55 | E45: =INDIRECT("'" & $S$2 & "'!E" & ROW()) + D45 -> 5430.78 | F45: 0.64 | G45: =D45*F45 -> 965.472 | H45: =INDIRECT("'" & $S$2 & "'!H" & ROW()) + G45 -> 3475.6992 | I45: =IF($N$16=0,0,D45/$N$16*1000) -> 25.35189 | J45: =IF($O$16=0,0,E45/$O$16*1000) -> 33.542096 | K45: 12
B46: HELACLOR TORRE | C46: kg | D46: 20 | E46: =INDIRECT("'" & $S$2 & "'!E" & ROW()) + D46 -> 50 | F46: 24 | G46: =D46*F46 -> 480 | H46: =INDIRECT("'" & $S$2 & "'!H" & ROW()) + G46 -> 1200 | I46: =IF($N$16=0,0,D46/$N$16*1000) -> 0.33610937 | J46: =IF($O$16=0,0,E46/$O$16*1000) -> 0.30881472 | K46: 0.4
B47: FILTRO B/O/D FERM. | C47: kg | E47: =INDIRECT("'" & $S$2 & "'!E" & ROW()) + D47 -> 0 | F47: 41.96 | G47: =D47*F47 -> 0 | H47: =INDIRECT("'" & $S$2 & "'!H" & ROW()) + G47 -> 0 | I47: =IF($N$16=0,0,D47/$N$16*1000) -> 0 | J47: =IF($O$16=0,0,E47/$O$16*1000) -> 0 | K47: 0.2
B48: HELAMIN 9100 | C48: kg | D48: 146.66 | E48: =INDIRECT("'" & $S$2 & "'!E" & ROW()) + D48 -> 441.1 | F48: 23.51 | G48: =D48*F48 -> 3447.9766 | H48: =INDIRECT("'" & $S$2 & "'!H" & ROW()) + G48 -> 10370.261 | I48: =IF($N$16=0,0,D48/$N$16*1000) -> 2.46469 | J48: =IF($O$16=0,0,E48/$O$16*1000) -> 2.7243635 | K48: 2
B49: FILTRO B/O/D CO2 | C49: kg | E49: =INDIRECT("'" & $S$2 & "'!E" & ROW()) + D49 -> 0 | F49: 41.96 | G49: =D49*F49 -> 0 | H49: =INDIRECT("'" & $S$2 & "'!H" & ROW()) + G49 -> 0 | I49: =IF($N$16=0,0,D49/$N$16*1000) -> 0 | J49: =IF($O$16=0,0,E49/$O$16*1000) -> 0 | K49: 0.5
B50: HELAQUAT CO2 | C50: kg | D50: 13.5 | E50: =INDIRECT("'" & $S$2 & "'!E" & ROW()) + D50 -> 41.26 | F50: 43.43 | G50: =D50*F50 -> 586.305 | H50: =INDIRECT("'" & $S$2 & "'!H" & ROW()) + G50 -> 1791.9218 | I50: =IF($N$16=0,0,D50/$N$16*1000) -> 0.22687383 | J50: =IF($O$16=0,0,E50/$O$16*1000) -> 0.25483391 | K50: 0.05
B51: CAL VIRGEM | C51: kg | D51: 1101.67 | E51: =INDIRECT("'" & $S$2 & "'!E" & ROW()) + D51 -> 3305.11 | F51: 1.03 | G51: =D51*F51 -> 1134.7201 | H51: =INDIRECT("'" & $S$2 & "'!H" & ROW()) + G51 -> 3404.2633 | I51: =IF($N$16=0,0,D51/$N$16*1000) -> 18.514081 | J51: =IF($O$16=0,0,E51/$O$16*1000) -> 20.413332 | K51: 0
B52: AMONIA ANIDRA | C52: Kg | E52: =INDIRECT("'" & $S$2 & "'!E" & ROW()) + D52 -> 0 | F52: 26.1 | G52: =D52*F52 -> 0 | H52: =INDIRECT("'" & $S$2 & "'!H" & ROW()) + G52 -> 0 | I52: =IF($N$16=0,0,D52/$N$16*1000) -> 0 | J52: =IF($O$16=0,0,E52/$O$16*1000) -> 0 | K52: 2.5
B53: AT 8807 | C53: Kg | D53: 27.22 | E53: =INDIRECT("'" & $S$2 & "'!E" & ROW()) + D53 -> 27.22 | F53: 26.42 | G53: =D53*F53 -> 719.1524 | H53: =INDIRECT("'" & $S$2 & "'!H" & ROW()) + G53 -> 719.1524 | I53: =IF($N$16=0,0,D53/$N$16*1000) -> 0.45744486 | J53: =IF($O$16=0,0,E53/$O$16*1000) -> 0.16811873 | K53: 0.3

Sheet semana 4
B2: SEMANA | E2: CONSUMO DE PRODUTOS QUÍMICOS SAFRA 2026/2027 | S2: SEMANA 3
B3: 4 | C3: SEMANA 04/05/2026 A 10/05/2026
B4: Destilaria | D4: Consumo | F4: Custos( R$ ) | I4: Gr / m³ | M4: Descrição | N4: Semana | O4: Safra 2025 | P4: Safra 2025
D5: SEMANAL | E5: SAFRA | F5: VALOR | G5: SEMANA | H5: SAFRA | I5: SEMANA | J5: SAFRA | K5: META | M5: AÇÚCAR VHP (scs.) | N5: 76824 | O5: =INDIRECT("'" & $S$2 & "'!O" & ROW()) + N5 -> 243658 | P5: 162359
B6: ÁC.SULFURICO | C6: kg | D6: 12096.2 | E6: =INDIRECT("'" & $S$2 & "'!E" & ROW()) + D6 -> 46325.14 | F6: 2.54 | G6: =F6*D6 -> 30724.348 | H6: =INDIRECT("'" & $S$2 & "'!H" & ROW()) + G6 -> 117665.86 | I6: =IF($N$9=0,0,D6/$N$9*1000) -> 4.3326873 | J6: =IF($O$9=0,0,E6/$O$9*1000) -> 5.2185281 | K6: 9.8 | M6: AÇÚCAR CRISTAL (scs.) | O6: ='semana 1'!O6+N6 -> 0
B7: ANTIBIÓTICO | C7: kg | E7: =INDIRECT("'" & $S$2 & "'!E" & ROW()) + D7 -> 70 | F7: 599 | G7: =F7*D7 -> 0 | H7: =INDIRECT("'" & $S$2 & "'!H" & ROW()) + G7 -> 41930 | I7: =IF($N$9=0,0,D7/$N$9*1000)*1000 -> 0 | J7: =IF($O$9=0,0,E7/$O$9*1000)*1000 -> 7.8855016 | K7: 6.8 | M7: ETANOL ANIDRO ( L ) | O7: ='semana 1'!O7+N7 -> 0
B8: ANTIESPUMANTE | C8: kg | D8: 1745 | E8: =INDIRECT("'" & $S$2 & "'!E" & ROW()) + D8 -> 7305 | F8: 15 | G8: =F8*D8 -> 26175 | H8: =INDIRECT("'" & $S$2 & "'!H" & ROW()) + G8 -> 102917.4 | I8: =IF($N$9=0,0,D8/$N$9*1000)*1000 -> 625.03425 | J8: =IF($O$9=0,0,E8/$O$9*1000)*1000 -> 822.90842 | K8: 400 | M8: ETANOL HIDRATADO ( L ) | N8: 2791847 | O8: =INDIRECT("'" & $S$2 & "'!O" & ROW()) + N8 -> 8877051 | P8: 2979314
B9: DISPERSANTE | C9: kg | D9: 1264.71 | E9: =INDIRECT("'" & $S$2 & "'!E" & ROW()) + D9 -> 3516.69 | F9: 25.15 | G9: =F9*D9 -> 31807.457 | H9: =INDIRECT("'" & $S$2 & "'!H" & ROW()) + G9 -> 88444.753 | I9: =IF($N$9=0,0,D9/$N$9*1000)*1000 -> 453.00119 | J9: =IF($O$9=0,0,E9/$O$9*1000)*1000 -> 396.15521 | K9: 200 | M9: ETANOL TOTAL | N9: =SUM(N7:N8) -> 2791847 | O9: =SUM(O7:O8) -> 8877051
B10: NEUT.ALCOOL | C10: kg | D10: 50 | E10: =INDIRECT("'" & $S$2 & "'!E" & ROW()) + D10 -> 100 | F10: 10.98 | G10: =F10*D10 -> 549 | H10: =INDIRECT("'" & $S$2 & "'!H" & ROW()) + G10 -> 1098 | I10: =IF($N$9=0,0,D10/$N$9*1000)*1000 -> 17.909291 | J10: =IF($O$9=0,0,E10/$O$9*1000)*1000 -> 11.265002 | K10: 10 | M10: AÇUCAR TOTAL | N10: =SUM(N5:N6) -> 76824 | O10: =SUM(O5:O6) -> 243658
B11: NUTRIENTES | C11: kg | E11: =INDIRECT("'" & $S$2 & "'!E" & ROW()) + D11 -> 2653.34 | F11: 4.13 | G11: =F11*D11 -> 0 | H11: =INDIRECT("'" & $S$2 & "'!H" & ROW()) + G11 -> 10958.294 | I11: =IF($N$9=0,0,D11/$N$9*1000)*1000 -> 0 | J11: =IF($O$9=0,0,E11/$O$9*1000)*1000 -> 298.89881
B12: SODA CÁUSTICA | C12: kg | D12: 775 | E12: =INDIRECT("'" & $S$2 & "'!E" & ROW()) + D12 -> 3000 | F12: 5.83 | G12: =F12*D12 -> 4518.25 | H12: =INDIRECT("'" & $S$2 & "'!H" & ROW()) + G12 -> 17490 | I12: =IF($N$9=0,0,D12/$N$9*1000)*1000 -> 277.59401 | J12: =IF($O$9=0,0,E12/$O$9*1000)*1000 -> 337.95007 | K12: 400 | M12: MOAGEM ( Toneladas )
B13: FERMAPLUS | C13: kg | D13: 1190.56 | E13: =INDIRECT("'" & $S$2 & "'!E" & ROW()) + D13 -> 2060.57 | F13: 6 | G13: =F13*D13 -> 7143.36 | H13: =INDIRECT("'" & $S$2 & "'!H" & ROW()) + G13 -> 12363.42 | I13: =IF($N$9=0,0,D13/$N$9*1000)*1000 -> 426.44171 | J13: =IF($O$9=0,0,E13/$O$9*1000)*1000 -> 232.12326 | K13: 500 | M13: CANA MOÍDA | N13: SEMANA | O13: SAFRA 2025 | P13: SAFRA 2025
B14: MONENSINA | C14: kg | D14: 10 | E14: =INDIRECT("'" & $S$2 & "'!E" & ROW()) + D14 -> 25 | F14: 425 | G14: =F14*D14 -> 4250 | H14: =INDIRECT("'" & $S$2 & "'!H" & ROW()) + G14 -> 10625 | I14: =IF($N$9=0,0,D14/$N$9*1000)*1000 -> 3.5818582 | J14: =IF($O$9=0,0,E14/$O$9*1000)*1000 -> 2.8162506 | K14: 3 | M14: PARA ETANOL | N14: 35291.164 | O14: =INDIRECT("'" & $S$2 & "'!O" & ROW()) + N14 -> 121937.59 | P14: 52223.818
M15: PARA AÇÚCAR | N15: 30508.636 | O15: =INDIRECT("'" & $S$2 & "'!O" & ROW()) + N15 -> 105771.59 | P15: 83425.142
B16: Fábrica | D16: Consumo | F16: Custos( R$ ) | I16: Gr / tc | M16: MOÍDA TOTAL | N16: =SUM(N14:N15) -> 65799.8 | O16: =SUM(O14:O15) -> 227709.18 | P16: =P15+P14 -> 135648.96
D17: SEMANAL | E17: SAFRA | F17: VALOR | G17: SEMANA | H17: SAFRA | I17: SEMANA | J17: SAFRA | K17: META
B18: FLOCULANTE | C18: kg | D18: 275 | E18: =INDIRECT("'" & $S$2 & "'!E" & ROW()) + D18 -> 1325 | F18: 21 | G18: =D18*F18 -> 5775 | H18: =INDIRECT("'" & $S$2 & "'!H" & ROW()) + G18 -> 27825 | I18: =IF($N$10=0,0,D18/$N$16*1000) -> 4.179344 | J18: =IF($O$10=0,0,E18/$O$16*1000) -> 5.8188256 | K18: 6.1 | M18: SETOR | N18: SEMANA | O18: SAFRA 2025
B19: FLOCUL. FILTRO | C19: kg | D19: 450 | E19: =INDIRECT("'" & $S$2 & "'!E" & ROW()) + D19 -> 1550 | F19: 15.63 | G19: =D19*F19 -> 7033.5 | H19: =INDIRECT("'" & $S$2 & "'!H" & ROW()) + G19 -> 24226.5 | I19: =IF($N$10=0,0,D19/$N$16*1000) -> 6.8389266 | J19: =IF($O$10=0,0,E19/$O$16*1000) -> 6.806928 | K19: 9 | M19: DESTILARIA | N19: =SUM(G6:G14) -> 105167.41 | O19: =INDIRECT("'" & $S$2 & "'!O" & ROW()) + N19 -> 403492.72
B20: ENXOFRE | C20: kg | E20: =INDIRECT("'" & $S$2 & "'!E" & ROW()) + D20 -> 1000 | F20: 6.7 | G20: =D20*F20 -> 0 | H20: =INDIRECT("'" & $S$2 & "'!H" & ROW()) + G20 -> 6700 | I20: =IF($N$10=0,0,D20/$N$16*1000) -> 0 | J20: =IF($O$10=0,0,E20/$O$16*1000) -> 4.3915665 | K20: 51 | M20: FÁBRICA | N20: =SUM(G18:G27)+G51 -> 62051.926 | O20: =INDIRECT("'" & $S$2 & "'!O" & ROW()) + N20 -> 265699.26
B21: AC.FOSFÓRICO | C21: kg | E21: =INDIRECT("'" & $S$2 & "'!E" & ROW()) + D21 -> 0 | F21: 5.85 | G21: =D21*F21 -> 0 | H21: =INDIRECT("'" & $S$2 & "'!H" & ROW()) + G21 -> 0 | I21: =IF($N$10=0,0,D21/$N$16*1000) -> 0 | J21: =IF($O$10=0,0,E21/$O$16*1000) -> 0 | M21: MOENDA | N21: =SUM(G30:G37) -> 7644.7776 | O21: =INDIRECT("'" & $S$2 & "'!O" & ROW()) + N21 -> 29507.256
B22: CAL DOLOMÍTICA | C22: kg | D22: 20379.5 | E22: =INDIRECT("'" & $S$2 & "'!E" & ROW()) + D22 -> 112972.1 | F22: 1.03 | G22: =D22*F22 -> 20990.885 | H22: =INDIRECT("'" & $S$2 & "'!H" & ROW()) + G22 -> 116361.26 | I22: =IF($N$10=0,0,D22/$N$16*1000) -> 309.71979 | J22: =IF($O$10=0,0,E22/$O$16*1000) -> 496.12449 | K22: 1000 | M22: ETA/CALD. | N22: =SUM(G40:G53)-G51 -> 11346.926 | O22: =INDIRECT("'" & $S$2 & "'!O" & ROW()) + N22 -> 62051.254
B23: SODA CÁUSTICA | C23: kg | D23: 475 | E23: =INDIRECT("'" & $S$2 & "'!E" & ROW()) + D23 -> 2425 | F23: 5.83 | G23: =D23*F23 -> 2769.25 | H23: =INDIRECT("'" & $S$2 & "'!H" & ROW()) + G23 -> 14137.75 | I23: =IF($N$10=0,0,D23/$N$16*1000) -> 7.2188669 | J23: =IF($O$10=0,0,E23/$O$16*1000) -> 10.649549 | K23: 13 | M23: CUSTO TOTAL (R$ ) | N23: =SUM(N19:N22) -> 186211.04 | O23: =SUM(O19:O22) -> 760750.49
B24: NEUT.VAPOR | C24: kg | D24: 1519.99 | E24: =INDIRECT("'" & $S$2 & "'!E" & ROW()) + D24 -> 3849.99 | F24: 8 | G24: =D24*F24 -> 12159.92 | H24: =INDIRECT("'" & $S$2 & "'!H" & ROW()) + G24 -> 30799.92 | I24: =IF($N$10=0,0,D24/$N$16*1000) -> 23.100222 | J24: =IF($O$10=0,0,E24/$O$16*1000) -> 16.907487 | K24: 2.8
B25: ANTI-INCRUST. | C25: kg | D25: 2083.53 | E25: =INDIRECT("'" & $S$2 & "'!E" & ROW()) + D25 -> 7415.28 | F25: 5.85 | G25: =D25*F25 -> 12188.65 | H25: =INDIRECT("'" & $S$2 & "'!H" & ROW()) + G25 -> 43379.388 | I25: =IF($N$10=0,0,D25/$N$16*1000) -> 31.664686 | J25: =IF($O$10=0,0,E25/$O$16*1000) -> 32.564695 | K25: 28 | M25: Setor | N25: Semana | P25: Safra 2025
B26: CLARIFICANTE FL 40 | C26: Kg | E26: =INDIRECT("'" & $S$2 & "'!E" & ROW()) + D26 -> 0 | F26: 6.98 | G26: =D26*F26 -> 0 | H26: =INDIRECT("'" & $S$2 & "'!H" & ROW()) + G26 -> 0 | I26: =IF($N$10=0,0,D26/$N$16*1000) -> 0 | J26: =IF($O$10=0,0,E26/$O$16*1000) -> 0 | K26: 21.3 | M26: DESTILARIA | N26: =IF($N$9=0,0,N19/$N$9*1000) -> 37.669476 | O26: R$/m³ | P26: =IF($O$9=0,0,O19/$O$9*1000) -> 45.453465 | Q26: R$/m³
B27: LUBRIFICANTE MASSA | C27: Kg | E27: =INDIRECT("'" & $S$2 & "'!E" & ROW()) + D27 -> 0 | G27: =D27*F27 -> 0 | H27: =INDIRECT("'" & $S$2 & "'!H" & ROW()) + G27 -> 0 | I27: =IF($N$10=0,0,D27/$N$16*1000) -> 0 | J27: =IF($O$10=0,0,E27/$O$16*1000) -> 0 | K27: 3.6 | M27: FÁBRICA | N27: =IF($N$10=0,0,N20/$N$16) -> 0.94304125 | O27: R$/tc | P27: =IF($O$10=0,0,O20/$O$16) -> 1.166836 | Q27: R$/tc
B28: Moenda | D28: Consumo | F28: Custos( R$ ) | I28: Gr / tc | M28: MOENDA | N28: =IF($N$16=0,0,N21/$N$16) -> 0.11618238 | O28: R$/tc | P28: =IF($O$16=0,0,O21/$O$16) -> 0.12958308 | Q28: R$/tc
D29: SEMANAL | E29: SAFRA | F29: VALOR | G29: SEMANA | H29: SAFRA | I29: SEMANA | J29: SAFRA | K29: META | M29: ETA/CALD. | N29: =IF($N$16=0,0,N22/$N$16) -> 0.17244621 | O29: R$/tc | P29: =IF($O$16=0,0,O22/$O$16) -> 0.27250221 | Q29: R$/tc
B30: CAL VIRGEM | C30: kg | E30: =INDIRECT("'" & $S$2 & "'!E" & ROW()) + D30 -> 0 | F30: 1.03 | G30: =D30*F30 -> 0 | H30: =INDIRECT("'" & $S$2 & "'!H" & ROW()) + G30 -> 0 | I30: =IF($N$16=0,0,D30/$N$16*1000) -> 0 | J30: =IF($O$16=0,0,E30/$O$16*1000) -> 0 | K30: 0 | M30: TOTAL | N30: =IF($N$16=0,0,N23/$N$16) -> 2.8299637 | O30: R$/tc | P30: =IF($O$16=0,0,O23/$O$16) -> 3.3408864 | Q30: R$/tc
B31: SODA CÁUSTICA | C31: kg | D31: 25 | E31: =INDIRECT("'" & $S$2 & "'!E" & ROW()) + D31 -> 100 | F31: 5.83 | G31: =D31*F31 -> 145.75 | H31: =INDIRECT("'" & $S$2 & "'!H" & ROW()) + G31 -> 583 | I31: =IF($N$16=0,0,D31/$N$16*1000) -> 0.37994036 | J31: =IF($O$16=0,0,E31/$O$16*1000) -> 0.43915665 | K31: 1.5
B32: BAC.QUATERNARIO | C32: kg | D32: 688.24 | E32: =INDIRECT("'" & $S$2 & "'!E" & ROW()) + D32 -> 2682.37 | F32: 8.99 | G32: =D32*F32 -> 6187.2776 | H32: =INDIRECT("'" & $S$2 & "'!H" & ROW()) + G32 -> 24114.506 | I32: =IF($N$16=0,0,D32/$N$16*1000) -> 10.459606 | J32: =IF($O$16=0,0,E32/$O$16*1000) -> 11.779806 | K32: 8
B33: HELACLOR | C33: kg | E33: =INDIRECT("'" & $S$2 & "'!E" & ROW()) + D33 -> 0 | F33: 24 | G33: =D33*F33 -> 0 | H33: =INDIRECT("'" & $S$2 & "'!H" & ROW()) + G33 -> 0 | I33: =IF($N$16=0,0,D33/$N$16*1000) -> 0 | J33: =IF($O$16=0,0,E33/$O$16*1000) -> 0 | K33: 0
B34: SODA PENEIRA ROTATIVA | C34: Kg | D34: 150 | E34: =INDIRECT("'" & $S$2 & "'!E" & ROW()) + D34 -> 500 | F34: 5.83 | G34: =D34*F34 -> 874.5 | H34: =INDIRECT("'" & $S$2 & "'!H" & ROW()) + G34 -> 2915 | I34: =IF($N$16=0,0,D34/$N$16*1000) -> 2.2796422 | J34: =IF($O$16=0,0,E34/$O$16*1000) -> 2.1957832 | K34: 2
B35: SODA PENEIRA VIBRATÓRIA | C35: kg | D35: 75 | E35: =INDIRECT("'" & $S$2 & "'!E" & ROW()) + D35 -> 325 | F35: 5.83 | G35: =D35*F35 -> 437.25 | H35: =INDIRECT("'" & $S$2 & "'!H" & ROW()) + G35 -> 1894.75 | I35: =IF($N$16=0,0,D35/$N$16*1000) -> 1.1398211 | J35: =IF($O$16=0,0,E35/$O$16*1000) -> 1.4272591 | K35: 1
B36: ESTEIRA METALICA | C36: kg | E36: =INDIRECT("'" & $S$2 & "'!E" & ROW()) + D36 -> 0 | F36: 5.83 | G36: =D36*F36 -> 0 | H36: =INDIRECT("'" & $S$2 & "'!H" & ROW()) + G36 -> 0 | I36: =IF($N$16=0,0,D36/$N$16*1000) -> 0 | J36: =IF($O$16=0,0,E36/$O$16*1000) -> 0 | K36: 1
B38: Caldeira / Eta | D38: Consumo | F38: Custos ( R$ ) | I38: Gr/tc
D39: SEMANAL | E39: SAFRA | F39: VALOR | G39: SEMANA | H39: SAFRA | I39: SEMANA | J39: SAFRA | K39: META
B40: SODA CÁUSTICA | C40: kg | D40: 125 | E40: =INDIRECT("'" & $S$2 & "'!E" & ROW()) + D40 -> 800 | F40: 5.83 | G40: =D40*F40 -> 728.75 | H40: =INDIRECT("'" & $S$2 & "'!H" & ROW()) + G40 -> 4664 | I40: =IF($N$16=0,0,D40/$N$16*1000) -> 1.8997018 | J40: =IF($O$16=0,0,E40/$O$16*1000) -> 3.5132532 | K40: 6
B41: BRW 150 HELAMIN | C41: kg | D41: 100 | E41: =INDIRECT("'" & $S$2 & "'!E" & ROW()) + D41 -> 650 | F41: 37.84 | G41: =D41*F41 -> 3784 | H41: =INDIRECT("'" & $S$2 & "'!H" & ROW()) + G41 -> 24596 | I41: =IF($N$16=0,0,D41/$N$16*1000) -> 1.5197615 | J41: =IF($O$16=0,0,E41/$O$16*1000) -> 2.8545182 | K41: 3
B42: POLÍMERO | C42: kg | D42: 25 | E42: =INDIRECT("'" & $S$2 & "'!E" & ROW()) + D42 -> 63.5 | F42: 21 | G42: =D42*F42 -> 525 | H42: =INDIRECT("'" & $S$2 & "'!H" & ROW()) + G42 -> 1333.5 | I42: =IF($N$16=0,0,D42/$N$16*1000) -> 0.37994036 | J42: =IF($O$16=0,0,E42/$O$16*1000) -> 0.27886447 | K42: 0.35
B43: POLICLORETO | C43: kg | D43: 262.5 | E43: =INDIRECT("'" & $S$2 & "'!E" & ROW()) + D43 -> 1642.5 | F43: 2.9 | G43: =D43*F43 -> 761.25 | H43: =INDIRECT("'" & $S$2 & "'!H" & ROW()) + G43 -> 4763.25 | I43: =IF($N$16=0,0,D43/$N$16*1000) -> 3.9893738 | J43: =IF($O$16=0,0,E43/$O$16*1000) -> 7.2131479 | K43: 7
B44: HELACLOR ETA | C44: kg | D44: 25 | E44: =INDIRECT("'" & $S$2 & "'!E" & ROW()) + D44 -> 80 | F44: 24 | G44: =D44*F44 -> 600 | H44: =INDIRECT("'" & $S$2 & "'!H" & ROW()) + G44 -> 1920 | I44: =IF($N$16=0,0,D44/$N$16*1000) -> 0.37994036 | J44: =IF($O$16=0,0,E44/$O$16*1000) -> 0.35132532 | K44: 0.3
B45: SAL | C45: kg | D45: 502.85 | E45: =INDIRECT("'" & $S$2 & "'!E" & ROW()) + D45 -> 5933.63 | F45: 0.64 | G45: =D45*F45 -> 321.824 | H45: =INDIRECT("'" & $S$2 & "'!H" & ROW()) + G45 -> 3797.5232 | I45: =IF($N$16=0,0,D45/$N$16*1000) -> 7.6421205 | J45: =IF($O$16=0,0,E45/$O$16*1000) -> 26.057931 | K45: 12
B46: HELACLOR TORRE | C46: kg | D46: 15 | E46: =INDIRECT("'" & $S$2 & "'!E" & ROW()) + D46 -> 65 | F46: 24 | G46: =D46*F46 -> 360 | H46: =INDIRECT("'" & $S$2 & "'!H" & ROW()) + G46 -> 1560 | I46: =IF($N$16=0,0,D46/$N$16*1000) -> 0.22796422 | J46: =IF($O$16=0,0,E46/$O$16*1000) -> 0.28545182 | K46: 0.4
B47: FILTRO B/O/D FERM. | C47: kg | E47: =INDIRECT("'" & $S$2 & "'!E" & ROW()) + D47 -> 0 | F47: 41.96 | G47: =D47*F47 -> 0 | H47: =INDIRECT("'" & $S$2 & "'!H" & ROW()) + G47 -> 0 | I47: =IF($N$16=0,0,D47/$N$16*1000) -> 0 | J47: =IF($O$16=0,0,E47/$O$16*1000) -> 0 | K47: 0.2
B48: HELAMIN 9100 | C48: kg | D48: 113.88 | E48: =INDIRECT("'" & $S$2 & "'!E" & ROW()) + D48 -> 554.98 | F48: 23.51 | G48: =D48*F48 -> 2677.3188 | H48: =INDIRECT("'" & $S$2 & "'!H" & ROW()) + G48 -> 13047.58 | I48: =IF($N$16=0,0,D48/$N$16*1000) -> 1.7307043 | J48: =IF($O$16=0,0,E48/$O$16*1000) -> 2.4372316 | K48: 2
B49: FILTRO B/O/D CO2 | C49: kg | E49: =INDIRECT("'" & $S$2 & "'!E" & ROW()) + D49 -> 0 | F49: 41.96 | G49: =D49*F49 -> 0 | H49: =INDIRECT("'" & $S$2 & "'!H" & ROW()) + G49 -> 0 | I49: =IF($N$16=0,0,D49/$N$16*1000) -> 0 | J49: =IF($O$16=0,0,E49/$O$16*1000) -> 0 | K49: 0.5
B50: HELAQUAT CO2 | C50: kg | D50: 23.4 | E50: =INDIRECT("'" & $S$2 & "'!E" & ROW()) + D50 -> 64.66 | F50: 43.43 | G50: =D50*F50 -> 1016.262 | H50: =INDIRECT("'" & $S$2 & "'!H" & ROW()) + G50 -> 2808.1838 | I50: =IF($N$16=0,0,D50/$N$16*1000) -> 0.35562418 | J50: =IF($O$16=0,0,E50/$O$16*1000) -> 0.28395869 | K50: 0.05
B51: CAL VIRGEM | C51: kg | D51: 1101.67 | E51: =INDIRECT("'" & $S$2 & "'!E" & ROW()) + D51 -> 4406.78 | F51: 1.03 | G51: =D51*F51 -> 1134.7201 | H51: =INDIRECT("'" & $S$2 & "'!H" & ROW()) + G51 -> 4538.9834 | I51: =IF($N$16=0,0,D51/$N$16*1000) -> 16.742756 | J51: =IF($O$16=0,0,E51/$O$16*1000) -> 19.352667 | K51: 0
B52: AMONIA ANIDRA | C52: Kg | E52: =INDIRECT("'" & $S$2 & "'!E" & ROW()) + D52 -> 0 | F52: 26.1 | G52: =D52*F52 -> 0 | H52: =INDIRECT("'" & $S$2 & "'!H" & ROW()) + G52 -> 0 | I52: =IF($N$16=0,0,D52/$N$16*1000) -> 0 | J52: =IF($O$16=0,0,E52/$O$16*1000) -> 0 | K52: 2.5
B53: AT 8807 | C53: Kg | D53: 21.67 | E53: =INDIRECT("'" & $S$2 & "'!E" & ROW()) + D53 -> 48.89 | F53: 26.42 | G53: =D53*F53 -> 572.5214 | H53: =INDIRECT("'" & $S$2 & "'!H" & ROW()) + G53 -> 1291.6738 | I53: =IF($N$16=0,0,D53/$N$16*1000) -> 0.32933231 | J53: =IF($O$16=0,0,E53/$O$16*1000) -> 0.21470368 | K53: 0.3

Sheet semana 5
B2: SEMANA | E2: CONSUMO DE PRODUTOS QUÍMICOS SAFRA 2026/2027 | S2: SEMANA 4
B3: 5 | C3: SEMANA 11/05/2026 A 17/05/2026
B4: Destilaria | D4: Consumo | F4: Custos( R$ ) | I4: Gr / m³ | M4: Descrição | N4: Semana | O4: Safra 2026 | P4: Safra 2025
D5: SEMANAL | E5: SAFRA | F5: VALOR | G5: SEMANA | H5: SAFRA | I5: SEMANA | J5: SAFRA | K5: META | M5: AÇÚCAR VHP (scs.) | N5: 71047 | O5: =INDIRECT("'" & $S$2 & "'!O" & ROW()) + N5 -> 314705 | P5: 245951
B6: ÁC.SULFURICO | C6: kg | D6: 9240.21 | E6: =INDIRECT("'" & $S$2 & "'!E" & ROW()) + D6 -> 55565.35 | F6: 8.6 | G6: =F6*D6 -> 79465.806 | H6: =INDIRECT("'" & $S$2 & "'!H" & ROW()) + G6 -> 197131.66 | I6: =IF($N$9=0,0,D6/$N$9*1000) -> 3.5392567 | J6: =IF($O$9=0,0,E6/$O$9*1000) -> 4.8368891 | K6: 9.8 | M6: AÇÚCAR CRISTAL (scs.) | O6: ='semana 1'!O6+N6 -> 0
B7: ANTIBIÓTICO | C7: kg | E7: =INDIRECT("'" & $S$2 & "'!E" & ROW()) + D7 -> 70 | F7: 599 | G7: =F7*D7 -> 0 | H7: =INDIRECT("'" & $S$2 & "'!H" & ROW()) + G7 -> 41930 | I7: =IF($N$9=0,0,D7/$N$9*1000)*1000 -> 0 | J7: =IF($O$9=0,0,E7/$O$9*1000)*1000 -> 6.093406 | K7: 6.8 | M7: ETANOL ANIDRO ( L ) | O7: ='semana 1'!O7+N7 -> 0
B8: ANTIESPUMANTE | C8: kg | D8: 1515 | E8: =INDIRECT("'" & $S$2 & "'!E" & ROW()) + D8 -> 8820 | F8: 15 | G8: =F8*D8 -> 22725 | H8: =INDIRECT("'" & $S$2 & "'!H" & ROW()) + G8 -> 125642.4 | I8: =IF($N$9=0,0,D8/$N$9*1000)*1000 -> 580.28702 | J8: =IF($O$9=0,0,E8/$O$9*1000)*1000 -> 767.76916 | K8: 400 | M8: ETANOL HIDRATADO ( L ) | N8: 2610777 | O8: =INDIRECT("'" & $S$2 & "'!O" & ROW()) + N8 -> 11487828 | P8: 4246894
B9: DISPERSANTE | C9: kg | D9: 923.53 | E9: =INDIRECT("'" & $S$2 & "'!E" & ROW()) + D9 -> 4440.22 | F9: 25.15 | G9: =F9*D9 -> 23226.779 | H9: =INDIRECT("'" & $S$2 & "'!H" & ROW()) + G9 -> 111671.53 | I9: =IF($N$9=0,0,D9/$N$9*1000)*1000 -> 353.7376 | J9: =IF($O$9=0,0,E9/$O$9*1000)*1000 -> 386.51519 | K9: 200 | M9: ETANOL TOTAL | N9: =SUM(N7:N8) -> 2610777 | O9: =SUM(O7:O8) -> 11487828
B10: NEUT.ALCOOL | C10: kg | E10: =INDIRECT("'" & $S$2 & "'!E" & ROW()) + D10 -> 100 | F10: 10.98 | G10: =F10*D10 -> 0 | H10: =INDIRECT("'" & $S$2 & "'!H" & ROW()) + G10 -> 1098 | I10: =IF($N$9=0,0,D10/$N$9*1000)*1000 -> 0 | J10: =IF($O$9=0,0,E10/$O$9*1000)*1000 -> 8.7048657 | K10: 10 | M10: AÇUCAR TOTAL | N10: =SUM(N5:N6) -> 71047 | O10: =SUM(O5:O6) -> 314705
B11: NUTRIENTES | C11: kg | E11: =INDIRECT("'" & $S$2 & "'!E" & ROW()) + D11 -> 2653.34 | F11: 4.13 | G11: =F11*D11 -> 0 | H11: =INDIRECT("'" & $S$2 & "'!H" & ROW()) + G11 -> 10958.294 | I11: =IF($N$9=0,0,D11/$N$9*1000)*1000 -> 0 | J11: =IF($O$9=0,0,E11/$O$9*1000)*1000 -> 230.96968
B12: SODA CÁUSTICA | C12: kg | D12: 925 | E12: =INDIRECT("'" & $S$2 & "'!E" & ROW()) + D12 -> 3925 | F12: 5.83 | G12: =F12*D12 -> 5392.75 | H12: =INDIRECT("'" & $S$2 & "'!H" & ROW()) + G12 -> 22882.75 | I12: =IF($N$9=0,0,D12/$N$9*1000)*1000 -> 354.30065 | J12: =IF($O$9=0,0,E12/$O$9*1000)*1000 -> 341.66598 | K12: 400 | M12: MOAGEM ( Toneladas )
B13: FERMAPLUS | C13: kg | D13: 1008.33 | E13: =INDIRECT("'" & $S$2 & "'!E" & ROW()) + D13 -> 3068.9 | F13: 6 | G13: =F13*D13 -> 6049.98 | H13: =INDIRECT("'" & $S$2 & "'!H" & ROW()) + G13 -> 18413.4 | I13: =IF($N$9=0,0,D13/$N$9*1000)*1000 -> 386.21836 | J13: =IF($O$9=0,0,E13/$O$9*1000)*1000 -> 267.14362 | K13: 500 | M13: CANA MOÍDA | N13: SEMANA | O13: SAFRA 2026 | P13: SAFRA 2025
B14: MONENSINA | C14: kg | D14: 10 | E14: =INDIRECT("'" & $S$2 & "'!E" & ROW()) + D14 -> 35 | F14: 425 | G14: =F14*D14 -> 4250 | H14: =INDIRECT("'" & $S$2 & "'!H" & ROW()) + G14 -> 14875 | I14: =IF($N$9=0,0,D14/$N$9*1000)*1000 -> 3.8302773 | J14: =IF($O$9=0,0,E14/$O$9*1000)*1000 -> 3.046703 | K14: 3 | M14: PARA ETANOL | N14: 30411.884 | O14: =INDIRECT("'" & $S$2 & "'!O" & ROW()) + N14 -> 152349.47 | P14: 69741.637
M15: PARA AÇÚCAR | N15: 26523.216 | O15: =INDIRECT("'" & $S$2 & "'!O" & ROW()) + N15 -> 132294.8 | P15: 118996.26
B16: Fábrica | D16: Consumo | F16: Custos( R$ ) | I16: Gr / tc | M16: MOÍDA TOTAL | N16: =SUM(N14:N15) -> 56935.1 | O16: =SUM(O14:O15) -> 284644.28 | P16: =P15+P14 -> 188737.9
D17: SEMANAL | E17: SAFRA | F17: VALOR | G17: SEMANA | H17: SAFRA | I17: SEMANA | J17: SAFRA | K17: META
B18: FLOCULANTE | C18: kg | D18: 275 | E18: =INDIRECT("'" & $S$2 & "'!E" & ROW()) + D18 -> 1600 | F18: 21 | G18: =D18*F18 -> 5775 | H18: =INDIRECT("'" & $S$2 & "'!H" & ROW()) + G18 -> 33600 | I18: =IF($N$10=0,0,D18/$N$16*1000) -> 4.8300609 | J18: =IF($O$10=0,0,E18/$O$16*1000) -> 5.6210509 | K18: 6.1 | M18: SETOR | N18: SEMANA | O18: SAFRA 2026
B19: FLOCUL. FILTRO | C19: kg | D19: 150 | E19: =INDIRECT("'" & $S$2 & "'!E" & ROW()) + D19 -> 1700 | F19: 15.63 | G19: =D19*F19 -> 2344.5 | H19: =INDIRECT("'" & $S$2 & "'!H" & ROW()) + G19 -> 26571 | I19: =IF($N$10=0,0,D19/$N$16*1000) -> 2.6345787 | J19: =IF($O$10=0,0,E19/$O$16*1000) -> 5.9723666 | K19: 9 | M19: DESTILARIA | N19: =SUM(G6:G14) -> 141110.32 | O19: =INDIRECT("'" & $S$2 & "'!O" & ROW()) + N19 -> 544603.04
B20: ENXOFRE | C20: kg | E20: =INDIRECT("'" & $S$2 & "'!E" & ROW()) + D20 -> 1000 | F20: 6.7 | G20: =D20*F20 -> 0 | H20: =INDIRECT("'" & $S$2 & "'!H" & ROW()) + G20 -> 6700 | I20: =IF($N$10=0,0,D20/$N$16*1000) -> 0 | J20: =IF($O$10=0,0,E20/$O$16*1000) -> 3.5131568 | K20: 51 | M20: FÁBRICA | N20: =SUM(G18:G27)+G51 -> 55207.099 | O20: =INDIRECT("'" & $S$2 & "'!O" & ROW()) + N20 -> 320906.36
B21: AC.FOSFÓRICO | C21: kg | E21: =INDIRECT("'" & $S$2 & "'!E" & ROW()) + D21 -> 0 | F21: 5.85 | G21: =D21*F21 -> 0 | H21: =INDIRECT("'" & $S$2 & "'!H" & ROW()) + G21 -> 0 | I21: =IF($N$10=0,0,D21/$N$16*1000) -> 0 | J21: =IF($O$10=0,0,E21/$O$16*1000) -> 0 | M21: MOENDA | N21: =SUM(G30:G37) -> 8134.8888 | O21: =INDIRECT("'" & $S$2 & "'!O" & ROW()) + N21 -> 37642.145
B22: CAL DOLOMÍTICA | C22: kg | D22: 23719.8 | E22: =INDIRECT("'" & $S$2 & "'!E" & ROW()) + D22 -> 136691.9 | F22: 1.03 | G22: =D22*F22 -> 24431.394 | H22: =INDIRECT("'" & $S$2 & "'!H" & ROW()) + G22 -> 140792.66 | I22: =IF($N$10=0,0,D22/$N$16*1000) -> 416.61119 | J22: =IF($O$10=0,0,E22/$O$16*1000) -> 480.22008 | K22: 1000 | M22: ETA/CALD. | N22: =SUM(G40:G53)-G51 -> 11898.862 | O22: =INDIRECT("'" & $S$2 & "'!O" & ROW()) + N22 -> 73950.116
B23: SODA CÁUSTICA | C23: kg | D23: 450 | E23: =INDIRECT("'" & $S$2 & "'!E" & ROW()) + D23 -> 2875 | F23: 5.83 | G23: =D23*F23 -> 2623.5 | H23: =INDIRECT("'" & $S$2 & "'!H" & ROW()) + G23 -> 16761.25 | I23: =IF($N$10=0,0,D23/$N$16*1000) -> 7.903736 | J23: =IF($O$10=0,0,E23/$O$16*1000) -> 10.100326 | K23: 13 | M23: CUSTO TOTAL (R$ ) | N23: =SUM(N19:N22) -> 216351.17 | O23: =SUM(O19:O22) -> 977101.66
B24: NEUT.VAPOR | C24: kg | D24: 838.88 | E24: =INDIRECT("'" & $S$2 & "'!E" & ROW()) + D24 -> 4688.87 | F24: 8 | G24: =D24*F24 -> 6711.04 | H24: =INDIRECT("'" & $S$2 & "'!H" & ROW()) + G24 -> 37510.96 | I24: =IF($N$10=0,0,D24/$N$16*1000) -> 14.733969 | J24: =IF($O$10=0,0,E24/$O$16*1000) -> 16.472736 | K24: 2.8
B25: ANTI-INCRUST. | C25: kg | D25: 1695.3 | E25: =INDIRECT("'" & $S$2 & "'!E" & ROW()) + D25 -> 9110.58 | F25: 5.85 | G25: =D25*F25 -> 9917.505 | H25: =INDIRECT("'" & $S$2 & "'!H" & ROW()) + G25 -> 53296.893 | I25: =IF($N$10=0,0,D25/$N$16*1000) -> 29.776008 | J25: =IF($O$10=0,0,E25/$O$16*1000) -> 32.006896 | K25: 28 | M25: Setor | N25: Semana | P25: Safra 2026
B26: CLARIFICANTE FL 40 | C26: Kg | E26: =INDIRECT("'" & $S$2 & "'!E" & ROW()) + D26 -> 0 | F26: 6.98 | G26: =D26*F26 -> 0 | H26: =INDIRECT("'" & $S$2 & "'!H" & ROW()) + G26 -> 0 | I26: =IF($N$10=0,0,D26/$N$16*1000) -> 0 | J26: =IF($O$10=0,0,E26/$O$16*1000) -> 0 | K26: 21.3 | M26: DESTILARIA | N26: =IF($N$9=0,0,N19/$N$9*1000) -> 54.049164 | O26: R$/m³ | P26: =IF($O$9=0,0,O19/$O$9*1000) -> 47.406963 | Q26: R$/m³
B27: LUBRIFICANTE MASSA | C27: Kg | E27: =INDIRECT("'" & $S$2 & "'!E" & ROW()) + D27 -> 0 | G27: =D27*F27 -> 0 | H27: =INDIRECT("'" & $S$2 & "'!H" & ROW()) + G27 -> 0 | I27: =IF($N$10=0,0,D27/$N$16*1000) -> 0 | J27: =IF($O$10=0,0,E27/$O$16*1000) -> 0 | K27: 3.6 | M27: FÁBRICA | N27: =IF($N$10=0,0,N20/$N$16) -> 0.96964964 | O27: R$/tc | P27: =IF($O$10=0,0,O20/$O$16) -> 1.1273944 | Q27: R$/tc
B28: Moenda | D28: Consumo | F28: Custos( R$ ) | I28: Gr / tc | M28: MOENDA | N28: =IF($N$16=0,0,N21/$N$16) -> 0.14288003 | O28: R$/tc | P28: =IF($O$16=0,0,O21/$O$16) -> 0.13224276 | Q28: R$/tc
D29: SEMANAL | E29: SAFRA | F29: VALOR | G29: SEMANA | H29: SAFRA | I29: SEMANA | J29: SAFRA | K29: META | M29: ETA/CALD. | N29: =IF($N$16=0,0,N22/$N$16) -> 0.20898992 | O29: R$/tc | P29: =IF($O$16=0,0,O22/$O$16) -> 0.25979836 | Q29: R$/tc
B30: CAL VIRGEM | C30: kg | E30: =INDIRECT("'" & $S$2 & "'!E" & ROW()) + D30 -> 0 | F30: 1.03 | G30: =D30*F30 -> 0 | H30: =INDIRECT("'" & $S$2 & "'!H" & ROW()) + G30 -> 0 | I30: =IF($N$16=0,0,D30/$N$16*1000) -> 0 | J30: =IF($O$16=0,0,E30/$O$16*1000) -> 0 | K30: 0 | M30: TOTAL | N30: =IF($N$16=0,0,N23/$N$16) -> 3.7999611 | O30: R$/tc | P30: =IF($O$16=0,0,O23/$O$16) -> 3.4327114 | Q30: R$/tc
B31: SODA CÁUSTICA | C31: kg | D31: 100 | E31: =INDIRECT("'" & $S$2 & "'!E" & ROW()) + D31 -> 200 | F31: 5.83 | G31: =D31*F31 -> 583 | H31: =INDIRECT("'" & $S$2 & "'!H" & ROW()) + G31 -> 1166 | I31: =IF($N$16=0,0,D31/$N$16*1000) -> 1.7563858 | J31: =IF($O$16=0,0,E31/$O$16*1000) -> 0.70263137 | K31: 1.5
B32: BAC.QUATERNARIO | C32: kg | D32: 694.12 | E32: =INDIRECT("'" & $S$2 & "'!E" & ROW()) + D32 -> 3376.49 | F32: 8.99 | G32: =D32*F32 -> 6240.1388 | H32: =INDIRECT("'" & $S$2 & "'!H" & ROW()) + G32 -> 30354.645 | I32: =IF($N$16=0,0,D32/$N$16*1000) -> 12.191425 | J32: =IF($O$16=0,0,E32/$O$16*1000) -> 11.862139 | K32: 8
B33: HELACLOR | C33: kg | E33: =INDIRECT("'" & $S$2 & "'!E" & ROW()) + D33 -> 0 | F33: 24 | G33: =D33*F33 -> 0 | H33: =INDIRECT("'" & $S$2 & "'!H" & ROW()) + G33 -> 0 | I33: =IF($N$16=0,0,D33/$N$16*1000) -> 0 | J33: =IF($O$16=0,0,E33/$O$16*1000) -> 0 | K33: 0
B34: SODA PENEIRA ROTATIVA | C34: Kg | D34: 125 | E34: =INDIRECT("'" & $S$2 & "'!E" & ROW()) + D34 -> 625 | F34: 5.83 | G34: =D34*F34 -> 728.75 | H34: =INDIRECT("'" & $S$2 & "'!H" & ROW()) + G34 -> 3643.75 | I34: =IF($N$16=0,0,D34/$N$16*1000) -> 2.1954822 | J34: =IF($O$16=0,0,E34/$O$16*1000) -> 2.195723 | K34: 2
B35: SODA PENEIRA VIBRATÓRIA | C35: kg | D35: 100 | E35: =INDIRECT("'" & $S$2 & "'!E" & ROW()) + D35 -> 425 | F35: 5.83 | G35: =D35*F35 -> 583 | H35: =INDIRECT("'" & $S$2 & "'!H" & ROW()) + G35 -> 2477.75 | I35: =IF($N$16=0,0,D35/$N$16*1000) -> 1.7563858 | J35: =IF($O$16=0,0,E35/$O$16*1000) -> 1.4930917 | K35: 1
B36: ESTEIRA METALICA | C36: kg | E36: =INDIRECT("'" & $S$2 & "'!E" & ROW()) + D36 -> 0 | F36: 5.83 | G36: =D36*F36 -> 0 | H36: =INDIRECT("'" & $S$2 & "'!H" & ROW()) + G36 -> 0 | I36: =IF($N$16=0,0,D36/$N$16*1000) -> 0 | J36: =IF($O$16=0,0,E36/$O$16*1000) -> 0 | K36: 1
B38: Caldeira / Eta | D38: Consumo | F38: Custos ( R$ ) | I38: Gr/tc
D39: SEMANAL | E39: SAFRA | F39: VALOR | G39: SEMANA | H39: SAFRA | I39: SEMANA | J39: SAFRA | K39: META
B40: SODA CÁUSTICA | C40: kg | D40: 250 | E40: =INDIRECT("'" & $S$2 & "'!E" & ROW()) + D40 -> 1050 | F40: 5.83 | G40: =D40*F40 -> 1457.5 | H40: =INDIRECT("'" & $S$2 & "'!H" & ROW()) + G40 -> 6121.5 | I40: =IF($N$16=0,0,D40/$N$16*1000) -> 4.3909644 | J40: =IF($O$16=0,0,E40/$O$16*1000) -> 3.6888147 | K40: 6
B41: BRW 150 HELAMIN | C41: kg | D41: 150 | E41: =INDIRECT("'" & $S$2 & "'!E" & ROW()) + D41 -> 800 | F41: 37.84 | G41: =D41*F41 -> 5676 | H41: =INDIRECT("'" & $S$2 & "'!H" & ROW()) + G41 -> 30272 | I41: =IF($N$16=0,0,D41/$N$16*1000) -> 2.6345787 | J41: =IF($O$16=0,0,E41/$O$16*1000) -> 2.8105255 | K41: 3
B42: POLÍMERO | C42: kg | E42: =INDIRECT("'" & $S$2 & "'!E" & ROW()) + D42 -> 63.5 | F42: 21 | G42: =D42*F42 -> 0 | H42: =INDIRECT("'" & $S$2 & "'!H" & ROW()) + G42 -> 1333.5 | I42: =IF($N$16=0,0,D42/$N$16*1000) -> 0 | J42: =IF($O$16=0,0,E42/$O$16*1000) -> 0.22308546 | K42: 0.35
B43: POLICLORETO | C43: kg | D43: 172.5 | E43: =INDIRECT("'" & $S$2 & "'!E" & ROW()) + D43 -> 1815 | F43: 2.9 | G43: =D43*F43 -> 500.25 | H43: =INDIRECT("'" & $S$2 & "'!H" & ROW()) + G43 -> 5263.5 | I43: =IF($N$16=0,0,D43/$N$16*1000) -> 3.0297655 | J43: =IF($O$16=0,0,E43/$O$16*1000) -> 6.3763797 | K43: 7
B44: HELACLOR ETA | C44: kg | D44: 15 | E44: =INDIRECT("'" & $S$2 & "'!E" & ROW()) + D44 -> 95 | F44: 24 | G44: =D44*F44 -> 360 | H44: =INDIRECT("'" & $S$2 & "'!H" & ROW()) + G44 -> 2280 | I44: =IF($N$16=0,0,D44/$N$16*1000) -> 0.26345787 | J44: =IF($O$16=0,0,E44/$O$16*1000) -> 0.3337499 | K44: 0.3
B45: SAL | C45: kg | D45: 1005.7 | E45: =INDIRECT("'" & $S$2 & "'!E" & ROW()) + D45 -> 6939.33 | F45: 0.64 | G45: =D45*F45 -> 643.648 | H45: =INDIRECT("'" & $S$2 & "'!H" & ROW()) + G45 -> 4441.1712 | I45: =IF($N$16=0,0,D45/$N$16*1000) -> 17.663972 | J45: =IF($O$16=0,0,E45/$O$16*1000) -> 24.378955 | K45: 12
B46: HELACLOR TORRE | C46: kg | D46: 15 | E46: =INDIRECT("'" & $S$2 & "'!E" & ROW()) + D46 -> 80 | F46: 24 | G46: =D46*F46 -> 360 | H46: =INDIRECT("'" & $S$2 & "'!H" & ROW()) + G46 -> 1920 | I46: =IF($N$16=0,0,D46/$N$16*1000) -> 0.26345787 | J46: =IF($O$16=0,0,E46/$O$16*1000) -> 0.28105255 | K46: 0.4
B47: FILTRO B/O/D FERM. | C47: kg | E47: =INDIRECT("'" & $S$2 & "'!E" & ROW()) + D47 -> 0 | F47: 41.96 | G47: =D47*F47 -> 0 | H47: =INDIRECT("'" & $S$2 & "'!H" & ROW()) + G47 -> 0 | I47: =IF($N$16=0,0,D47/$N$16*1000) -> 0 | J47: =IF($O$16=0,0,E47/$O$16*1000) -> 0 | K47: 0.2
B48: HELAMIN 9100 | C48: kg | D48: 88.89 | E48: =INDIRECT("'" & $S$2 & "'!E" & ROW()) + D48 -> 643.87 | F48: 23.51 | G48: =D48*F48 -> 2089.8039 | H48: =INDIRECT("'" & $S$2 & "'!H" & ROW()) + G48 -> 15137.384 | I48: =IF($N$16=0,0,D48/$N$16*1000) -> 1.5612513 | J48: =IF($O$16=0,0,E48/$O$16*1000) -> 2.2620163 | K48: 2
B49: FILTRO B/O/D CO2 | C49: kg | E49: =INDIRECT("'" & $S$2 & "'!E" & ROW()) + D49 -> 0 | F49: 41.96 | G49: =D49*F49 -> 0 | H49: =INDIRECT("'" & $S$2 & "'!H" & ROW()) + G49 -> 0 | I49: =IF($N$16=0,0,D49/$N$16*1000) -> 0 | J49: =IF($O$16=0,0,E49/$O$16*1000) -> 0 | K49: 0.5
B50: HELAQUAT CO2 | C50: kg | D50: 13.95 | E50: =INDIRECT("'" & $S$2 & "'!E" & ROW()) + D50 -> 78.61 | F50: 43.43 | G50: =D50*F50 -> 605.8485 | H50: =INDIRECT("'" & $S$2 & "'!H" & ROW()) + G50 -> 3414.0323 | I50: =IF($N$16=0,0,D50/$N$16*1000) -> 0.24501582 | J50: =IF($O$16=0,0,E50/$O$16*1000) -> 0.27616926 | K50: 0.05
B51: CAL VIRGEM | C51: kg | D51: 3305.01 | E51: =INDIRECT("'" & $S$2 & "'!E" & ROW()) + D51 -> 7711.79 | F51: 1.03 | G51: =D51*F51 -> 3404.1603 | H51: =INDIRECT("'" & $S$2 & "'!H" & ROW()) + G51 -> 7943.1437 | I51: =IF($N$16=0,0,D51/$N$16*1000) -> 58.048726 | J51: =IF($O$16=0,0,E51/$O$16*1000) -> 27.092728 | K51: 0
B52: AMONIA ANIDRA | C52: Kg | E52: =INDIRECT("'" & $S$2 & "'!E" & ROW()) + D52 -> 0 | F52: 26.1 | G52: =D52*F52 -> 0 | H52: =INDIRECT("'" & $S$2 & "'!H" & ROW()) + G52 -> 0 | I52: =IF($N$16=0,0,D52/$N$16*1000) -> 0 | J52: =IF($O$16=0,0,E52/$O$16*1000) -> 0 | K52: 2.5
B53: AT 8807 | C53: Kg | D53: 7.79 | E53: =INDIRECT("'" & $S$2 & "'!E" & ROW()) + D53 -> 56.68 | F53: 26.42 | G53: =D53*F53 -> 205.8118 | H53: =INDIRECT("'" & $S$2 & "'!H" & ROW()) + G53 -> 1497.4856 | I53: =IF($N$16=0,0,D53/$N$16*1000) -> 0.13682245 | J53: =IF($O$16=0,0,E53/$O$16*1000) -> 0.19912573 | K53: 0.3

Sheet semana 6
B2: SEMANA | E2: CONSUMO DE PRODUTOS QUÍMICOS SAFRA 2026/2027 | S2: SEMANA 5
B3: 6 | C3: SEMANA 18/05/2026 A 24/05/2026
B4: Destilaria | D4: Consumo | F4: Custos( R$ ) | I4: Gr / m³ | M4: Descrição | N4: Semana | O4: Safra 2026 | P4: Safra 2025
D5: SEMANAL | E5: SAFRA | F5: VALOR | G5: SEMANA | H5: SAFRA | I5: SEMANA | J5: SAFRA | K5: META | M5: AÇÚCAR VHP (scs.) | N5: 77204 | O5: =INDIRECT("'" & $S$2 & "'!O" & ROW()) + N5 -> 391909 | P5: 334420
B6: ÁC.SULFURICO | C6: kg | D6: 8767 | E6: =INDIRECT("'" & $S$2 & "'!E" & ROW()) + D6 -> 64332.35 | F6: 8.6 | G6: =F6*D6 -> 75396.2 | H6: =INDIRECT("'" & $S$2 & "'!H" & ROW()) + G6 -> 272527.86 | I6: =IF($N$9=0,0,D6/$N$9*1000) -> 3.6663968 | J6: =IF($O$9=0,0,E6/$O$9*1000) -> 4.6352281 | K6: 9.8 | M6: AÇÚCAR CRISTAL (scs.) | O6: ='semana 1'!O6+N6 -> 0
B7: ANTIBIÓTICO | C7: kg | D7: 30 | E7: =INDIRECT("'" & $S$2 & "'!E" & ROW()) + D7 -> 100 | F7: 599 | G7: =F7*D7 -> 17970 | H7: =INDIRECT("'" & $S$2 & "'!H" & ROW()) + G7 -> 59900 | I7: =IF($N$9=0,0,D7/$N$9*1000)*1000 -> 12.546128 | J7: =IF($O$9=0,0,E7/$O$9*1000)*1000 -> 7.205128 | K7: 6.8 | M7: ETANOL ANIDRO ( L ) | O7: ='semana 1'!O7+N7 -> 0
B8: ANTIESPUMANTE | C8: kg | D8: 955 | E8: =INDIRECT("'" & $S$2 & "'!E" & ROW()) + D8 -> 9775 | F8: 15 | G8: =F8*D8 -> 14325 | H8: =INDIRECT("'" & $S$2 & "'!H" & ROW()) + G8 -> 139967.4 | I8: =IF($N$9=0,0,D8/$N$9*1000)*1000 -> 399.38507 | J8: =IF($O$9=0,0,E8/$O$9*1000)*1000 -> 704.30126 | K8: 400 | M8: ETANOL HIDRATADO ( L ) | N8: 2391176 | O8: =INDIRECT("'" & $S$2 & "'!O" & ROW()) + N8 -> 13879004 | P8: 5400069
B9: DISPERSANTE | C9: kg | D9: 858.83 | E9: =INDIRECT("'" & $S$2 & "'!E" & ROW()) + D9 -> 5299.05 | F9: 25.15 | G9: =F9*D9 -> 21599.574 | H9: =INDIRECT("'" & $S$2 & "'!H" & ROW()) + G9 -> 133271.11 | I9: =IF($N$9=0,0,D9/$N$9*1000)*1000 -> 359.16637 | J9: =IF($O$9=0,0,E9/$O$9*1000)*1000 -> 381.80333 | K9: 200 | M9: ETANOL TOTAL | N9: =SUM(N7:N8) -> 2391176 | O9: =SUM(O7:O8) -> 13879004
B10: NEUT.ALCOOL | C10: kg | D10: 50 | E10: =INDIRECT("'" & $S$2 & "'!E" & ROW()) + D10 -> 150 | F10: 10.98 | G10: =F10*D10 -> 549 | H10: =INDIRECT("'" & $S$2 & "'!H" & ROW()) + G10 -> 1647 | I10: =IF($N$9=0,0,D10/$N$9*1000)*1000 -> 20.910213 | J10: =IF($O$9=0,0,E10/$O$9*1000)*1000 -> 10.807692 | K10: 10 | M10: AÇUCAR TOTAL | N10: =SUM(N5:N6) -> 77204 | O10: =SUM(O5:O6) -> 391909
B11: NUTRIENTES | C11: kg | E11: =INDIRECT("'" & $S$2 & "'!E" & ROW()) + D11 -> 2653.34 | F11: 4.13 | G11: =F11*D11 -> 0 | H11: =INDIRECT("'" & $S$2 & "'!H" & ROW()) + G11 -> 10958.294 | I11: =IF($N$9=0,0,D11/$N$9*1000)*1000 -> 0 | J11: =IF($O$9=0,0,E11/$O$9*1000)*1000 -> 191.17654
B12: SODA CÁUSTICA | C12: kg | D12: 575 | E12: =INDIRECT("'" & $S$2 & "'!E" & ROW()) + D12 -> 4500 | F12: 5.83 | G12: =F12*D12 -> 3352.25 | H12: =INDIRECT("'" & $S$2 & "'!H" & ROW()) + G12 -> 26235 | I12: =IF($N$9=0,0,D12/$N$9*1000)*1000 -> 240.46745 | J12: =IF($O$9=0,0,E12/$O$9*1000)*1000 -> 324.23076 | K12: 400 | M12: MOAGEM ( Toneladas )
B13: FERMAPLUS | C13: kg | D13: 1057.24 | E13: =INDIRECT("'" & $S$2 & "'!E" & ROW()) + D13 -> 4126.14 | F13: 6 | G13: =F13*D13 -> 6343.44 | H13: =INDIRECT("'" & $S$2 & "'!H" & ROW()) + G13 -> 24756.84 | I13: =IF($N$9=0,0,D13/$N$9*1000)*1000 -> 442.14228 | J13: =IF($O$9=0,0,E13/$O$9*1000)*1000 -> 297.29367 | K13: 500 | M13: CANA MOÍDA | N13: SEMANA | O13: SAFRA 2026 | P13: SAFRA 2025
B14: MONENSINA | C14: kg | E14: =INDIRECT("'" & $S$2 & "'!E" & ROW()) + D14 -> 35 | F14: 425 | G14: =F14*D14 -> 0 | H14: =INDIRECT("'" & $S$2 & "'!H" & ROW()) + G14 -> 14875 | I14: =IF($N$9=0,0,D14/$N$9*1000)*1000 -> 0 | J14: =IF($O$9=0,0,E14/$O$9*1000)*1000 -> 2.5217948 | K14: 3 | M14: PARA ETANOL | N14: 33249.99 | O14: =INDIRECT("'" & $S$2 & "'!O" & ROW()) + N14 -> 185599.46 | P14: 85049.835
M15: PARA AÇÚCAR | N15: 32063.99 | O15: =INDIRECT("'" & $S$2 & "'!O" & ROW()) + N15 -> 164358.79 | P15: 154756.08
B16: Fábrica | D16: Consumo | F16: Custos( R$ ) | I16: Gr / tc | M16: MOÍDA TOTAL | N16: =SUM(N14:N15) -> 65313.98 | O16: =SUM(O14:O15) -> 349958.26 | P16: =P15+P14 -> 239805.92
D17: SEMANAL | E17: SAFRA | F17: VALOR | G17: SEMANA | H17: SAFRA | I17: SEMANA | J17: SAFRA | K17: META
B18: FLOCULANTE | C18: kg | D18: 275 | E18: =INDIRECT("'" & $S$2 & "'!E" & ROW()) + D18 -> 1875 | F18: 21 | G18: =D18*F18 -> 5775 | H18: =INDIRECT("'" & $S$2 & "'!H" & ROW()) + G18 -> 39375 | I18: =IF($N$10=0,0,D18/$N$16*1000) -> 4.2104309 | J18: =IF($O$10=0,0,E18/$O$16*1000) -> 5.3577818 | K18: 6.1 | M18: SETOR | N18: SEMANA | O18: SAFRA 2026
B19: FLOCUL. FILTRO | C19: kg | D19: 175 | E19: =INDIRECT("'" & $S$2 & "'!E" & ROW()) + D19 -> 1875 | F19: 15.63 | G19: =D19*F19 -> 2735.25 | H19: =INDIRECT("'" & $S$2 & "'!H" & ROW()) + G19 -> 29306.25 | I19: =IF($N$10=0,0,D19/$N$16*1000) -> 2.6793651 | J19: =IF($O$10=0,0,E19/$O$16*1000) -> 5.3577818 | K19: 9 | M19: DESTILARIA | N19: =SUM(G6:G14) -> 139535.46 | O19: =INDIRECT("'" & $S$2 & "'!O" & ROW()) + N19 -> 684138.5
B20: ENXOFRE | C20: kg | E20: =INDIRECT("'" & $S$2 & "'!E" & ROW()) + D20 -> 1000 | F20: 6.7 | G20: =D20*F20 -> 0 | H20: =INDIRECT("'" & $S$2 & "'!H" & ROW()) + G20 -> 6700 | I20: =IF($N$10=0,0,D20/$N$16*1000) -> 0 | J20: =IF($O$10=0,0,E20/$O$16*1000) -> 2.8574836 | K20: 51 | M20: FÁBRICA | N20: =SUM(G18:G27)+G51 -> 55937.088 | O20: =INDIRECT("'" & $S$2 & "'!O" & ROW()) + N20 -> 376843.45
B21: AC.FOSFÓRICO | C21: kg | E21: =INDIRECT("'" & $S$2 & "'!E" & ROW()) + D21 -> 0 | F21: 5.85 | G21: =D21*F21 -> 0 | H21: =INDIRECT("'" & $S$2 & "'!H" & ROW()) + G21 -> 0 | I21: =IF($N$10=0,0,D21/$N$16*1000) -> 0 | J21: =IF($O$10=0,0,E21/$O$16*1000) -> 0 | M21: MOENDA | N21: =SUM(G30:G37) -> 10268.663 | O21: =INDIRECT("'" & $S$2 & "'!O" & ROW()) + N21 -> 47910.808
B22: CAL DOLOMÍTICA | C22: kg | D22: 23916 | E22: =INDIRECT("'" & $S$2 & "'!E" & ROW()) + D22 -> 160607.9 | F22: 1.03 | G22: =D22*F22 -> 24633.48 | H22: =INDIRECT("'" & $S$2 & "'!H" & ROW()) + G22 -> 165426.14 | I22: =IF($N$10=0,0,D22/$N$16*1000) -> 366.16969 | J22: =IF($O$10=0,0,E22/$O$16*1000) -> 458.93445 | K22: 1000 | M22: ETA/CALD. | N22: =SUM(G40:G53)-G51 -> 12599.864 | O22: =INDIRECT("'" & $S$2 & "'!O" & ROW()) + N22 -> 86549.98
B23: SODA CÁUSTICA | C23: kg | D23: 475 | E23: =INDIRECT("'" & $S$2 & "'!E" & ROW()) + D23 -> 3350 | F23: 5.83 | G23: =D23*F23 -> 2769.25 | H23: =INDIRECT("'" & $S$2 & "'!H" & ROW()) + G23 -> 19530.5 | I23: =IF($N$10=0,0,D23/$N$16*1000) -> 7.2725625 | J23: =IF($O$10=0,0,E23/$O$16*1000) -> 9.5725702 | K23: 13 | M23: CUSTO TOTAL (R$ ) | N23: =SUM(N19:N22) -> 218341.08 | O23: =SUM(O19:O22) -> 1195442.7
B24: NEUT.VAPOR | C24: kg | D24: 1149.99 | E24: =INDIRECT("'" & $S$2 & "'!E" & ROW()) + D24 -> 5838.86 | F24: 8 | G24: =D24*F24 -> 9199.92 | H24: =INDIRECT("'" & $S$2 & "'!H" & ROW()) + G24 -> 46710.88 | I24: =IF($N$10=0,0,D24/$N$16*1000) -> 17.607103 | J24: =IF($O$10=0,0,E24/$O$16*1000) -> 16.684447 | K24: 2.8
B25: ANTI-INCRUST. | C25: kg | D25: 1462.35 | E25: =INDIRECT("'" & $S$2 & "'!E" & ROW()) + D25 -> 10572.93 | F25: 5.85 | G25: =D25*F25 -> 8554.7475 | H25: =INDIRECT("'" & $S$2 & "'!H" & ROW()) + G25 -> 61851.64 | I25: =IF($N$10=0,0,D25/$N$16*1000) -> 22.38954 | J25: =IF($O$10=0,0,E25/$O$16*1000) -> 30.211974 | K25: 28 | M25: Setor | N25: Semana | P25: Safra 2026
B26: CLARIFICANTE FL 40 | C26: Kg | E26: =INDIRECT("'" & $S$2 & "'!E" & ROW()) + D26 -> 0 | F26: 6.98 | G26: =D26*F26 -> 0 | H26: =INDIRECT("'" & $S$2 & "'!H" & ROW()) + G26 -> 0 | I26: =IF($N$10=0,0,D26/$N$16*1000) -> 0 | J26: =IF($O$10=0,0,E26/$O$16*1000) -> 0 | K26: 21.3 | M26: DESTILARIA | N26: =IF($N$9=0,0,N19/$N$9*1000) -> 58.354326 | O26: R$/m³ | P26: =IF($O$9=0,0,O19/$O$9*1000) -> 49.293055 | Q26: R$/m³
B27: LUBRIFICANTE MASSA | C27: Kg | E27: =INDIRECT("'" & $S$2 & "'!E" & ROW()) + D27 -> 0 | G27: =D27*F27 -> 0 | H27: =INDIRECT("'" & $S$2 & "'!H" & ROW()) + G27 -> 0 | I27: =IF($N$10=0,0,D27/$N$16*1000) -> 0 | J27: =IF($O$10=0,0,E27/$O$16*1000) -> 0 | K27: 3.6 | M27: FÁBRICA | N27: =IF($N$10=0,0,N20/$N$16) -> 0.85643361 | O27: R$/tc | P27: =IF($O$10=0,0,O20/$O$16) -> 1.076824 | Q27: R$/tc
B28: Moenda | D28: Consumo | F28: Custos( R$ ) | I28: Gr / tc | M28: MOENDA | N28: =IF($N$16=0,0,N21/$N$16) -> 0.15721999 | O28: R$/tc | P28: =IF($O$16=0,0,O21/$O$16) -> 0.13690435 | Q28: R$/tc
D29: SEMANAL | E29: SAFRA | F29: VALOR | G29: SEMANA | H29: SAFRA | I29: SEMANA | J29: SAFRA | K29: META | M29: ETA/CALD. | N29: =IF($N$16=0,0,N22/$N$16) -> 0.19291221 | O29: R$/tc | P29: =IF($O$16=0,0,O22/$O$16) -> 0.24731515 | Q29: R$/tc
B30: CAL VIRGEM | C30: kg | D30: 3305 | E30: =INDIRECT("'" & $S$2 & "'!E" & ROW()) + D30 -> 3305 | F30: 1.03 | G30: =D30*F30 -> 3404.15 | H30: =INDIRECT("'" & $S$2 & "'!H" & ROW()) + G30 -> 3404.15 | I30: =IF($N$16=0,0,D30/$N$16*1000) -> 50.601724 | J30: =IF($O$16=0,0,E30/$O$16*1000) -> 9.4439834 | K30: 0 | M30: TOTAL | N30: =IF($N$16=0,0,N23/$N$16) -> 3.3429456 | O30: R$/tc | P30: =IF($O$16=0,0,O23/$O$16) -> 3.4159581 | Q30: R$/tc
B31: SODA CÁUSTICA | C31: kg | D31: 25 | E31: =INDIRECT("'" & $S$2 & "'!E" & ROW()) + D31 -> 225 | F31: 5.83 | G31: =D31*F31 -> 145.75 | H31: =INDIRECT("'" & $S$2 & "'!H" & ROW()) + G31 -> 1311.75 | I31: =IF($N$16=0,0,D31/$N$16*1000) -> 0.38276645 | J31: =IF($O$16=0,0,E31/$O$16*1000) -> 0.64293382 | K31: 1.5
B32: BAC.QUATERNARIO | C32: kg | D32: 617.66 | E32: =INDIRECT("'" & $S$2 & "'!E" & ROW()) + D32 -> 3994.15 | F32: 8.99 | G32: =D32*F32 -> 5552.7634 | H32: =INDIRECT("'" & $S$2 & "'!H" & ROW()) + G32 -> 35907.409 | I32: =IF($N$16=0,0,D32/$N$16*1000) -> 9.4567809 | J32: =IF($O$16=0,0,E32/$O$16*1000) -> 11.413218 | K32: 8
B33: HELACLOR | C33: kg | E33: =INDIRECT("'" & $S$2 & "'!E" & ROW()) + D33 -> 0 | F33: 24 | G33: =D33*F33 -> 0 | H33: =INDIRECT("'" & $S$2 & "'!H" & ROW()) + G33 -> 0 | I33: =IF($N$16=0,0,D33/$N$16*1000) -> 0 | J33: =IF($O$16=0,0,E33/$O$16*1000) -> 0 | K33: 0
B34: SODA PENEIRA ROTATIVA | C34: Kg | D34: 75 | E34: =INDIRECT("'" & $S$2 & "'!E" & ROW()) + D34 -> 700 | F34: 5.83 | G34: =D34*F34 -> 437.25 | H34: =INDIRECT("'" & $S$2 & "'!H" & ROW()) + G34 -> 4081 | I34: =IF($N$16=0,0,D34/$N$16*1000) -> 1.1482993 | J34: =IF($O$16=0,0,E34/$O$16*1000) -> 2.0002385 | K34: 2
B35: SODA PENEIRA VIBRATÓRIA | C35: kg | D35: 100 | E35: =INDIRECT("'" & $S$2 & "'!E" & ROW()) + D35 -> 525 | F35: 5.83 | G35: =D35*F35 -> 583 | H35: =INDIRECT("'" & $S$2 & "'!H" & ROW()) + G35 -> 3060.75 | I35: =IF($N$16=0,0,D35/$N$16*1000) -> 1.5310658 | J35: =IF($O$16=0,0,E35/$O$16*1000) -> 1.5001789 | K35: 1
B36: ESTEIRA METALICA | C36: kg | D36: 25 | E36: =INDIRECT("'" & $S$2 & "'!E" & ROW()) + D36 -> 25 | F36: 5.83 | G36: =D36*F36 -> 145.75 | H36: =INDIRECT("'" & $S$2 & "'!H" & ROW()) + G36 -> 145.75 | I36: =IF($N$16=0,0,D36/$N$16*1000) -> 0.38276645 | J36: =IF($O$16=0,0,E36/$O$16*1000) -> 0.071437091 | K36: 1
B38: Caldeira / Eta | D38: Consumo | F38: Custos ( R$ ) | I38: Gr/tc
D39: SEMANAL | E39: SAFRA | F39: VALOR | G39: SEMANA | H39: SAFRA | I39: SEMANA | J39: SAFRA | K39: META
B40: SODA CÁUSTICA | C40: kg | D40: 300 | E40: =INDIRECT("'" & $S$2 & "'!E" & ROW()) + D40 -> 1350 | F40: 5.83 | G40: =D40*F40 -> 1749 | H40: =INDIRECT("'" & $S$2 & "'!H" & ROW()) + G40 -> 7870.5 | I40: =IF($N$16=0,0,D40/$N$16*1000) -> 4.5931974 | J40: =IF($O$16=0,0,E40/$O$16*1000) -> 3.8576029 | K40: 6
B41: BRW 150 HELAMIN | C41: kg | D41: 100 | E41: =INDIRECT("'" & $S$2 & "'!E" & ROW()) + D41 -> 900 | F41: 37.84 | G41: =D41*F41 -> 3784 | H41: =INDIRECT("'" & $S$2 & "'!H" & ROW()) + G41 -> 34056 | I41: =IF($N$16=0,0,D41/$N$16*1000) -> 1.5310658 | J41: =IF($O$16=0,0,E41/$O$16*1000) -> 2.5717353 | K41: 3
B42: POLÍMERO | C42: kg | D42: 25 | E42: =INDIRECT("'" & $S$2 & "'!E" & ROW()) + D42 -> 88.5 | F42: 21 | G42: =D42*F42 -> 525 | H42: =INDIRECT("'" & $S$2 & "'!H" & ROW()) + G42 -> 1858.5 | I42: =IF($N$16=0,0,D42/$N$16*1000) -> 0.38276645 | J42: =IF($O$16=0,0,E42/$O$16*1000) -> 0.2528873 | K42: 0.35
B43: POLICLORETO | C43: kg | D43: 360 | E43: =INDIRECT("'" & $S$2 & "'!E" & ROW()) + D43 -> 2175 | F43: 2.9 | G43: =D43*F43 -> 1044 | H43: =INDIRECT("'" & $S$2 & "'!H" & ROW()) + G43 -> 6307.5 | I43: =IF($N$16=0,0,D43/$N$16*1000) -> 5.5118368 | J43: =IF($O$16=0,0,E43/$O$16*1000) -> 6.2150269 | K43: 7
B44: HELACLOR ETA | C44: kg | D44: 35 | E44: =INDIRECT("'" & $S$2 & "'!E" & ROW()) + D44 -> 130 | F44: 24 | G44: =D44*F44 -> 840 | H44: =INDIRECT("'" & $S$2 & "'!H" & ROW()) + G44 -> 3120 | I44: =IF($N$16=0,0,D44/$N$16*1000) -> 0.53587302 | J44: =IF($O$16=0,0,E44/$O$16*1000) -> 0.37147287 | K44: 0.3
B45: SAL | C45: kg | D45: 1407.98 | E45: =INDIRECT("'" & $S$2 & "'!E" & ROW()) + D45 -> 8347.31 | F45: 0.64 | G45: =D45*F45 -> 901.1072 | H45: =INDIRECT("'" & $S$2 & "'!H" & ROW()) + G45 -> 5342.2784 | I45: =IF($N$16=0,0,D45/$N$16*1000) -> 21.5571 | J45: =IF($O$16=0,0,E45/$O$16*1000) -> 23.852302 | K45: 12
B46: HELACLOR TORRE | C46: kg | D46: 2 | E46: =INDIRECT("'" & $S$2 & "'!E" & ROW()) + D46 -> 82 | F46: 24 | G46: =D46*F46 -> 48 | H46: =INDIRECT("'" & $S$2 & "'!H" & ROW()) + G46 -> 1968 | I46: =IF($N$16=0,0,D46/$N$16*1000) -> 0.030621316 | J46: =IF($O$16=0,0,E46/$O$16*1000) -> 0.23431366 | K46: 0.4
B47: FILTRO B/O/D FERM. | C47: kg | D47: 22 | E47: =INDIRECT("'" & $S$2 & "'!E" & ROW()) + D47 -> 22 | F47: 41.96 | G47: =D47*F47 -> 923.12 | H47: =INDIRECT("'" & $S$2 & "'!H" & ROW()) + G47 -> 923.12 | I47: =IF($N$16=0,0,D47/$N$16*1000) -> 0.33683447 | J47: =IF($O$16=0,0,E47/$O$16*1000) -> 0.06286464 | K47: 0.2
B48: HELAMIN 9100 | C48: kg | D48: 102.23 | E48: =INDIRECT("'" & $S$2 & "'!E" & ROW()) + D48 -> 746.1 | F48: 23.51 | G48: =D48*F48 -> 2403.4273 | H48: =INDIRECT("'" & $S$2 & "'!H" & ROW()) + G48 -> 17540.811 | I48: =IF($N$16=0,0,D48/$N$16*1000) -> 1.5652086 | J48: =IF($O$16=0,0,E48/$O$16*1000) -> 2.1319685 | K48: 2
B49: FILTRO B/O/D CO2 | C49: kg | E49: =INDIRECT("'" & $S$2 & "'!E" & ROW()) + D49 -> 0 | F49: 41.96 | G49: =D49*F49 -> 0 | H49: =INDIRECT("'" & $S$2 & "'!H" & ROW()) + G49 -> 0 | I49: =IF($N$16=0,0,D49/$N$16*1000) -> 0 | J49: =IF($O$16=0,0,E49/$O$16*1000) -> 0 | K49: 0.5
B50: HELAQUAT CO2 | C50: kg | D50: 5.4 | E50: =INDIRECT("'" & $S$2 & "'!E" & ROW()) + D50 -> 84.01 | F50: 43.43 | G50: =D50*F50 -> 234.522 | H50: =INDIRECT("'" & $S$2 & "'!H" & ROW()) + G50 -> 3648.5543 | I50: =IF($N$16=0,0,D50/$N$16*1000) -> 0.082677552 | J50: =IF($O$16=0,0,E50/$O$16*1000) -> 0.2400572 | K50: 0.05
B51: CAL VIRGEM | C51: kg | D51: 2203.34 | E51: =INDIRECT("'" & $S$2 & "'!E" & ROW()) + D51 -> 9915.13 | F51: 1.03 | G51: =D51*F51 -> 2269.4402 | H51: =INDIRECT("'" & $S$2 & "'!H" & ROW()) + G51 -> 10212.584 | I51: =IF($N$16=0,0,D51/$N$16*1000) -> 33.734585 | J51: =IF($O$16=0,0,E51/$O$16*1000) -> 28.332322 | K51: 0
B52: AMONIA ANIDRA | C52: Kg | E52: =INDIRECT("'" & $S$2 & "'!E" & ROW()) + D52 -> 0 | F52: 26.1 | G52: =D52*F52 -> 0 | H52: =INDIRECT("'" & $S$2 & "'!H" & ROW()) + G52 -> 0 | I52: =IF($N$16=0,0,D52/$N$16*1000) -> 0 | J52: =IF($O$16=0,0,E52/$O$16*1000) -> 0 | K52: 2.5
B53: AT 8807 | C53: Kg | D53: 5.59 | E53: =INDIRECT("'" & $S$2 & "'!E" & ROW()) + D53 -> 62.27 | F53: 26.42 | G53: =D53*F53 -> 147.6878 | H53: =INDIRECT("'" & $S$2 & "'!H" & ROW()) + G53 -> 1645.1734 | I53: =IF($N$16=0,0,D53/$N$16*1000) -> 0.085586577 | J53: =IF($O$16=0,0,E53/$O$16*1000) -> 0.17793551 | K53: 0.3

Sheet semana 7
B2: SEMANA | E2: CONSUMO DE PRODUTOS QUÍMICOS SAFRA 2026/2027 | S2: SEMANA 6
B3: 7 | C3: SEMANA 25/05/2026 A 31/05/2026
B4: Destilaria | D4: Consumo | F4: Custos( R$ ) | I4: Gr / m³ | M4: Descrição | N4: Semana | O4: Safra 2026 | P4: Safra 2025
D5: SEMANAL | E5: SAFRA | F5: VALOR | G5: SEMANA | H5: SAFRA | I5: SEMANA | J5: SAFRA | K5: META | M5: AÇÚCAR VHP (scs.) | N5: 105554 | O5: =INDIRECT("'" & $S$2 & "'!O" & ROW()) + N5 -> 497463 | P5: 401492
B6: ÁC.SULFURICO | C6: kg | D6: 17274 | E6: =INDIRECT("'" & $S$2 & "'!E" & ROW()) + D6 -> 81606.35 | F6: 8.6 | G6: =F6*D6 -> 148556.4 | H6: =INDIRECT("'" & $S$2 & "'!H" & ROW()) + G6 -> 421084.26 | I6: =IF($N$9=0,0,D6/$N$9*1000) -> 7.1443933 | J6: =IF($O$9=0,0,E6/$O$9*1000) -> 5.0074941 | K6: 9.8 | M6: AÇÚCAR CRISTAL (scs.) | O6: ='semana 1'!O6+N6 -> 0
B7: ANTIBIÓTICO | C7: kg | D7: 20 | E7: =INDIRECT("'" & $S$2 & "'!E" & ROW()) + D7 -> 120 | F7: 599 | G7: =F7*D7 -> 11980 | H7: =INDIRECT("'" & $S$2 & "'!H" & ROW()) + G7 -> 71880 | I7: =IF($N$9=0,0,D7/$N$9*1000)*1000 -> 8.2718459 | J7: =IF($O$9=0,0,E7/$O$9*1000)*1000 -> 7.3633889 | K7: 6.8 | M7: ETANOL ANIDRO ( L ) | O7: ='semana 1'!O7+N7 -> 0
B8: ANTIESPUMANTE | C8: kg | D8: 1075 | E8: =INDIRECT("'" & $S$2 & "'!E" & ROW()) + D8 -> 10850 | F8: 15 | G8: =F8*D8 -> 16125 | H8: =INDIRECT("'" & $S$2 & "'!H" & ROW()) + G8 -> 156092.4 | I8: =IF($N$9=0,0,D8/$N$9*1000)*1000 -> 444.61172 | J8: =IF($O$9=0,0,E8/$O$9*1000)*1000 -> 665.77308 | K8: 400 | M8: ETANOL HIDRATADO ( L ) | N8: 2417840 | O8: =INDIRECT("'" & $S$2 & "'!O" & ROW()) + N8 -> 16296844 | P8: 6234307
B9: DISPERSANTE | C9: kg | D9: 685 | E9: =INDIRECT("'" & $S$2 & "'!E" & ROW()) + D9 -> 5984.05 | F9: 25.15 | G9: =F9*D9 -> 17227.75 | H9: =INDIRECT("'" & $S$2 & "'!H" & ROW()) + G9 -> 150498.86 | I9: =IF($N$9=0,0,D9/$N$9*1000)*1000 -> 283.31072 | J9: =IF($O$9=0,0,E9/$O$9*1000)*1000 -> 367.19073 | K9: 200 | M9: ETANOL TOTAL | N9: =SUM(N7:N8) -> 2417840 | O9: =SUM(O7:O8) -> 16296844
B10: NEUT.ALCOOL | C10: kg | E10: =INDIRECT("'" & $S$2 & "'!E" & ROW()) + D10 -> 150 | F10: 10.98 | G10: =F10*D10 -> 0 | H10: =INDIRECT("'" & $S$2 & "'!H" & ROW()) + G10 -> 1647 | I10: =IF($N$9=0,0,D10/$N$9*1000)*1000 -> 0 | J10: =IF($O$9=0,0,E10/$O$9*1000)*1000 -> 9.2042361 | K10: 10 | M10: AÇUCAR TOTAL | N10: =SUM(N5:N6) -> 105554 | O10: =SUM(O5:O6) -> 497463
B11: NUTRIENTES | C11: kg | E11: =INDIRECT("'" & $S$2 & "'!E" & ROW()) + D11 -> 2653.34 | F11: 4.13 | G11: =F11*D11 -> 0 | H11: =INDIRECT("'" & $S$2 & "'!H" & ROW()) + G11 -> 10958.294 | I11: =IF($N$9=0,0,D11/$N$9*1000)*1000 -> 0 | J11: =IF($O$9=0,0,E11/$O$9*1000)*1000 -> 162.81312
B12: SODA CÁUSTICA | C12: kg | D12: 1000 | E12: =INDIRECT("'" & $S$2 & "'!E" & ROW()) + D12 -> 5500 | F12: 5.83 | G12: =F12*D12 -> 5830 | H12: =INDIRECT("'" & $S$2 & "'!H" & ROW()) + G12 -> 32065 | I12: =IF($N$9=0,0,D12/$N$9*1000)*1000 -> 413.5923 | J12: =IF($O$9=0,0,E12/$O$9*1000)*1000 -> 337.48866 | K12: 400 | M12: MOAGEM ( Toneladas )
B13: FERMAPLUS | C13: kg | D13: 1766.11 | E13: =INDIRECT("'" & $S$2 & "'!E" & ROW()) + D13 -> 5892.25 | F13: 6 | G13: =F13*D13 -> 10596.66 | H13: =INDIRECT("'" & $S$2 & "'!H" & ROW()) + G13 -> 35353.5 | I13: =IF($N$9=0,0,D13/$N$9*1000)*1000 -> 730.44949 | J13: =IF($O$9=0,0,E13/$O$9*1000)*1000 -> 361.55773 | K13: 500 | M13: CANA MOÍDA | N13: SEMANA | O13: SAFRA 2026 | P13: SAFRA 2025
B14: MONENSINA | C14: kg | D14: 20 | E14: =INDIRECT("'" & $S$2 & "'!E" & ROW()) + D14 -> 55 | F14: 425 | G14: =F14*D14 -> 8500 | H14: =INDIRECT("'" & $S$2 & "'!H" & ROW()) + G14 -> 23375 | I14: =IF($N$9=0,0,D14/$N$9*1000)*1000 -> 8.2718459 | J14: =IF($O$9=0,0,E14/$O$9*1000)*1000 -> 3.3748866 | K14: 3 | M14: PARA ETANOL | N14: 30677.581 | O14: =INDIRECT("'" & $S$2 & "'!O" & ROW()) + N14 -> 216277.05 | P14: 95039.998
M15: PARA AÇÚCAR | N15: 40440.539 | O15: =INDIRECT("'" & $S$2 & "'!O" & ROW()) + N15 -> 204799.33 | P15: 179492.8
B16: Fábrica | D16: Consumo | F16: Custos( R$ ) | I16: Gr / tc | M16: MOÍDA TOTAL | N16: =SUM(N14:N15) -> 71118.12 | O16: =SUM(O14:O15) -> 421076.38 | P16: =P15+P14 -> 274532.8
D17: SEMANAL | E17: SAFRA | F17: VALOR | G17: SEMANA | H17: SAFRA | I17: SEMANA | J17: SAFRA | K17: META
B18: FLOCULANTE | C18: kg | D18: 275 | E18: =INDIRECT("'" & $S$2 & "'!E" & ROW()) + D18 -> 2150 | F18: 21 | G18: =D18*F18 -> 5775 | H18: =INDIRECT("'" & $S$2 & "'!H" & ROW()) + G18 -> 45150 | I18: =IF($N$10=0,0,D18/$N$16*1000) -> 3.8668064 | J18: =IF($O$10=0,0,E18/$O$16*1000) -> 5.105962 | K18: 6.1 | M18: SETOR | N18: SEMANA | O18: SAFRA 2026
B19: FLOCUL. FILTRO | C19: kg | D19: 450 | E19: =INDIRECT("'" & $S$2 & "'!E" & ROW()) + D19 -> 2325 | F19: 15.63 | G19: =D19*F19 -> 7033.5 | H19: =INDIRECT("'" & $S$2 & "'!H" & ROW()) + G19 -> 36339.75 | I19: =IF($N$10=0,0,D19/$N$16*1000) -> 6.3275013 | J19: =IF($O$10=0,0,E19/$O$16*1000) -> 5.5215636 | K19: 9 | M19: DESTILARIA | N19: =SUM(G6:G14) -> 218815.81 | O19: =INDIRECT("'" & $S$2 & "'!O" & ROW()) + N19 -> 902954.31
B20: ENXOFRE | C20: kg | E20: =INDIRECT("'" & $S$2 & "'!E" & ROW()) + D20 -> 1000 | F20: 6.7 | G20: =D20*F20 -> 0 | H20: =INDIRECT("'" & $S$2 & "'!H" & ROW()) + G20 -> 6700 | I20: =IF($N$10=0,0,D20/$N$16*1000) -> 0 | J20: =IF($O$10=0,0,E20/$O$16*1000) -> 2.3748661 | K20: 51 | M20: FÁBRICA | N20: =SUM(G18:G27)+G51 -> 63213.034 | O20: =INDIRECT("'" & $S$2 & "'!O" & ROW()) + N20 -> 440056.48
B21: AC.FOSFÓRICO | C21: kg | E21: =INDIRECT("'" & $S$2 & "'!E" & ROW()) + D21 -> 0 | F21: 5.85 | G21: =D21*F21 -> 0 | H21: =INDIRECT("'" & $S$2 & "'!H" & ROW()) + G21 -> 0 | I21: =IF($N$10=0,0,D21/$N$16*1000) -> 0 | J21: =IF($O$10=0,0,E21/$O$16*1000) -> 0 | M21: MOENDA | N21: =SUM(G30:G37) -> 8187.75 | O21: =INDIRECT("'" & $S$2 & "'!O" & ROW()) + N21 -> 56098.558
B22: CAL DOLOMÍTICA | C22: kg | D22: 33154.9 | E22: =INDIRECT("'" & $S$2 & "'!E" & ROW()) + D22 -> 193762.8 | F22: 1.03 | G22: =D22*F22 -> 34149.547 | H22: =INDIRECT("'" & $S$2 & "'!H" & ROW()) + G22 -> 199575.68 | I22: =IF($N$10=0,0,D22/$N$16*1000) -> 466.19483 | J22: =IF($O$10=0,0,E22/$O$16*1000) -> 460.1607 | K22: 1000 | M22: ETA/CALD. | N22: =SUM(G40:G53)-G51 -> 19436.653 | O22: =INDIRECT("'" & $S$2 & "'!O" & ROW()) + N22 -> 105986.63
B23: SODA CÁUSTICA | C23: kg | D23: 675 | E23: =INDIRECT("'" & $S$2 & "'!E" & ROW()) + D23 -> 4025 | F23: 5.83 | G23: =D23*F23 -> 3935.25 | H23: =INDIRECT("'" & $S$2 & "'!H" & ROW()) + G23 -> 23465.75 | I23: =IF($N$10=0,0,D23/$N$16*1000) -> 9.491252 | J23: =IF($O$10=0,0,E23/$O$16*1000) -> 9.5588359 | K23: 13 | M23: CUSTO TOTAL (R$ ) | N23: =SUM(N19:N22) -> 309653.25 | O23: =SUM(O19:O22) -> 1505096
B24: NEUT.VAPOR | C24: kg | D24: 716.66 | E24: =INDIRECT("'" & $S$2 & "'!E" & ROW()) + D24 -> 6555.52 | F24: 8 | G24: =D24*F24 -> 5733.28 | H24: =INDIRECT("'" & $S$2 & "'!H" & ROW()) + G24 -> 52444.16 | I24: =IF($N$10=0,0,D24/$N$16*1000) -> 10.077038 | J24: =IF($O$10=0,0,E24/$O$16*1000) -> 15.568482 | K24: 2.8
B25: ANTI-INCRUST. | C25: kg | D25: 1125.89 | E25: =INDIRECT("'" & $S$2 & "'!E" & ROW()) + D25 -> 11698.82 | F25: 5.85 | G25: =D25*F25 -> 6586.4565 | H25: =INDIRECT("'" & $S$2 & "'!H" & ROW()) + G25 -> 68438.097 | I25: =IF($N$10=0,0,D25/$N$16*1000) -> 15.831268 | J25: =IF($O$10=0,0,E25/$O$16*1000) -> 27.78313 | K25: 28 | M25: Setor | N25: Semana | P25: Safra 2026
B26: CLARIFICANTE FL 40 | C26: Kg | E26: =INDIRECT("'" & $S$2 & "'!E" & ROW()) + D26 -> 0 | F26: 6.98 | G26: =D26*F26 -> 0 | H26: =INDIRECT("'" & $S$2 & "'!H" & ROW()) + G26 -> 0 | I26: =IF($N$10=0,0,D26/$N$16*1000) -> 0 | J26: =IF($O$10=0,0,E26/$O$16*1000) -> 0 | K26: 21.3 | M26: DESTILARIA | N26: =IF($N$9=0,0,N19/$N$9*1000) -> 90.500534 | O26: R$/m³ | P26: =IF($O$9=0,0,O19/$O$9*1000) -> 55.406698 | Q26: R$/m³
B27: LUBRIFICANTE MASSA | C27: Kg | D27: 22.22 | E27: =INDIRECT("'" & $S$2 & "'!E" & ROW()) + D27 -> 22.22 | G27: =D27*F27 -> 0 | H27: =INDIRECT("'" & $S$2 & "'!H" & ROW()) + G27 -> 0 | I27: =IF($N$10=0,0,D27/$N$16*1000) -> 0.31243796 | J27: =IF($O$10=0,0,E27/$O$16*1000) -> 0.052769524 | K27: 3.6 | M27: FÁBRICA | N27: =IF($N$10=0,0,N20/$N$16) -> 0.88884568 | O27: R$/tc | P27: =IF($O$10=0,0,O20/$O$16) -> 1.0450752 | Q27: R$/tc
B28: Moenda | D28: Consumo | F28: Custos( R$ ) | I28: Gr / tc | M28: MOENDA | N28: =IF($N$16=0,0,N21/$N$16) -> 0.11512889 | O28: R$/tc | P28: =IF($O$16=0,0,O21/$O$16) -> 0.13322656 | Q28: R$/tc
D29: SEMANAL | E29: SAFRA | F29: VALOR | G29: SEMANA | H29: SAFRA | I29: SEMANA | J29: SAFRA | K29: META | M29: ETA/CALD. | N29: =IF($N$16=0,0,N22/$N$16) -> 0.273301 | O29: R$/tc | P29: =IF($O$16=0,0,O22/$O$16) -> 0.25170406 | Q29: R$/tc
B30: CAL VIRGEM | C30: kg | E30: =INDIRECT("'" & $S$2 & "'!E" & ROW()) + D30 -> 3305 | F30: 1.03 | G30: =D30*F30 -> 0 | H30: =INDIRECT("'" & $S$2 & "'!H" & ROW()) + G30 -> 3404.15 | I30: =IF($N$16=0,0,D30/$N$16*1000) -> 0 | J30: =IF($O$16=0,0,E30/$O$16*1000) -> 7.8489323 | K30: 0 | M30: TOTAL | N30: =IF($N$16=0,0,N23/$N$16) -> 4.3540696 | O30: R$/tc | P30: =IF($O$16=0,0,O23/$O$16) -> 3.5744014 | Q30: R$/tc
B31: SODA CÁUSTICA | C31: kg | D31: 25 | E31: =INDIRECT("'" & $S$2 & "'!E" & ROW()) + D31 -> 250 | F31: 5.83 | G31: =D31*F31 -> 145.75 | H31: =INDIRECT("'" & $S$2 & "'!H" & ROW()) + G31 -> 1457.5 | I31: =IF($N$16=0,0,D31/$N$16*1000) -> 0.35152785 | J31: =IF($O$16=0,0,E31/$O$16*1000) -> 0.59371651 | K31: 1.5
B32: BAC.QUATERNARIO | C32: kg | D32: 700 | E32: =INDIRECT("'" & $S$2 & "'!E" & ROW()) + D32 -> 4694.15 | F32: 8.99 | G32: =D32*F32 -> 6293 | H32: =INDIRECT("'" & $S$2 & "'!H" & ROW()) + G32 -> 42200.409 | I32: =IF($N$16=0,0,D32/$N$16*1000) -> 9.8427799 | J32: =IF($O$16=0,0,E32/$O$16*1000) -> 11.147977 | K32: 8
B33: HELACLOR | C33: kg | E33: =INDIRECT("'" & $S$2 & "'!E" & ROW()) + D33 -> 0 | F33: 24 | G33: =D33*F33 -> 0 | H33: =INDIRECT("'" & $S$2 & "'!H" & ROW()) + G33 -> 0 | I33: =IF($N$16=0,0,D33/$N$16*1000) -> 0 | J33: =IF($O$16=0,0,E33/$O$16*1000) -> 0 | K33: 0
B34: SODA PENEIRA ROTATIVA | C34: Kg | D34: 150 | E34: =INDIRECT("'" & $S$2 & "'!E" & ROW()) + D34 -> 850 | F34: 5.83 | G34: =D34*F34 -> 874.5 | H34: =INDIRECT("'" & $S$2 & "'!H" & ROW()) + G34 -> 4955.5 | I34: =IF($N$16=0,0,D34/$N$16*1000) -> 2.1091671 | J34: =IF($O$16=0,0,E34/$O$16*1000) -> 2.0186361 | K34: 2
B35: SODA PENEIRA VIBRATÓRIA | C35: kg | D35: 150 | E35: =INDIRECT("'" & $S$2 & "'!E" & ROW()) + D35 -> 675 | F35: 5.83 | G35: =D35*F35 -> 874.5 | H35: =INDIRECT("'" & $S$2 & "'!H" & ROW()) + G35 -> 3935.25 | I35: =IF($N$16=0,0,D35/$N$16*1000) -> 2.1091671 | J35: =IF($O$16=0,0,E35/$O$16*1000) -> 1.6030346 | K35: 1
B36: ESTEIRA METALICA | C36: kg | E36: =INDIRECT("'" & $S$2 & "'!E" & ROW()) + D36 -> 25 | F36: 5.83 | G36: =D36*F36 -> 0 | H36: =INDIRECT("'" & $S$2 & "'!H" & ROW()) + G36 -> 145.75 | I36: =IF($N$16=0,0,D36/$N$16*1000) -> 0 | J36: =IF($O$16=0,0,E36/$O$16*1000) -> 0.059371651 | K36: 1
B38: Caldeira / Eta | D38: Consumo | F38: Custos ( R$ ) | I38: Gr/tc
D39: SEMANAL | E39: SAFRA | F39: VALOR | G39: SEMANA | H39: SAFRA | I39: SEMANA | J39: SAFRA | K39: META
B40: SODA CÁUSTICA | C40: kg | D40: 275 | E40: =INDIRECT("'" & $S$2 & "'!E" & ROW()) + D40 -> 1625 | F40: 5.83 | G40: =D40*F40 -> 1603.25 | H40: =INDIRECT("'" & $S$2 & "'!H" & ROW()) + G40 -> 9473.75 | I40: =IF($N$16=0,0,D40/$N$16*1000) -> 3.8668064 | J40: =IF($O$16=0,0,E40/$O$16*1000) -> 3.8591573 | K40: 6
B41: BRW 150 HELAMIN | C41: kg | D41: 200 | E41: =INDIRECT("'" & $S$2 & "'!E" & ROW()) + D41 -> 1100 | F41: 37.84 | G41: =D41*F41 -> 7568 | H41: =INDIRECT("'" & $S$2 & "'!H" & ROW()) + G41 -> 41624 | I41: =IF($N$16=0,0,D41/$N$16*1000) -> 2.8122228 | J41: =IF($O$16=0,0,E41/$O$16*1000) -> 2.6123527 | K41: 3
B42: POLÍMERO | C42: kg | E42: =INDIRECT("'" & $S$2 & "'!E" & ROW()) + D42 -> 88.5 | F42: 21 | G42: =D42*F42 -> 0 | H42: =INDIRECT("'" & $S$2 & "'!H" & ROW()) + G42 -> 1858.5 | I42: =IF($N$16=0,0,D42/$N$16*1000) -> 0 | J42: =IF($O$16=0,0,E42/$O$16*1000) -> 0.21017565 | K42: 0.35
B43: POLICLORETO | C43: kg | D43: 180 | E43: =INDIRECT("'" & $S$2 & "'!E" & ROW()) + D43 -> 2355 | F43: 2.9 | G43: =D43*F43 -> 522 | H43: =INDIRECT("'" & $S$2 & "'!H" & ROW()) + G43 -> 6829.5 | I43: =IF($N$16=0,0,D43/$N$16*1000) -> 2.5310005 | J43: =IF($O$16=0,0,E43/$O$16*1000) -> 5.5928096 | K43: 7
B44: HELACLOR ETA | C44: kg | D44: 20 | E44: =INDIRECT("'" & $S$2 & "'!E" & ROW()) + D44 -> 150 | F44: 24 | G44: =D44*F44 -> 480 | H44: =INDIRECT("'" & $S$2 & "'!H" & ROW()) + G44 -> 3600 | I44: =IF($N$16=0,0,D44/$N$16*1000) -> 0.28122228 | J44: =IF($O$16=0,0,E44/$O$16*1000) -> 0.35622991 | K44: 0.3
B45: SAL | C45: kg | D45: 477.71 | E45: =INDIRECT("'" & $S$2 & "'!E" & ROW()) + D45 -> 8825.02 | F45: 0.64 | G45: =D45*F45 -> 305.7344 | H45: =INDIRECT("'" & $S$2 & "'!H" & ROW()) + G45 -> 5648.0128 | I45: =IF($N$16=0,0,D45/$N$16*1000) -> 6.7171348 | J45: =IF($O$16=0,0,E45/$O$16*1000) -> 20.95824 | K45: 12
B46: HELACLOR TORRE | C46: kg | D46: 15 | E46: =INDIRECT("'" & $S$2 & "'!E" & ROW()) + D46 -> 97 | F46: 24 | G46: =D46*F46 -> 360 | H46: =INDIRECT("'" & $S$2 & "'!H" & ROW()) + G46 -> 2328 | I46: =IF($N$16=0,0,D46/$N$16*1000) -> 0.21091671 | J46: =IF($O$16=0,0,E46/$O$16*1000) -> 0.23036201 | K46: 0.4
B47: FILTRO B/O/D FERM. | C47: kg | D47: 50 | E47: =INDIRECT("'" & $S$2 & "'!E" & ROW()) + D47 -> 72 | F47: 41.96 | G47: =D47*F47 -> 2098 | H47: =INDIRECT("'" & $S$2 & "'!H" & ROW()) + G47 -> 3021.12 | I47: =IF($N$16=0,0,D47/$N$16*1000) -> 0.70305571 | J47: =IF($O$16=0,0,E47/$O$16*1000) -> 0.17099036 | K47: 0.2
B48: HELAMIN 9100 | C48: kg | D48: 152.78 | E48: =INDIRECT("'" & $S$2 & "'!E" & ROW()) + D48 -> 898.88 | F48: 23.51 | G48: =D48*F48 -> 3591.8578 | H48: =INDIRECT("'" & $S$2 & "'!H" & ROW()) + G48 -> 21132.669 | I48: =IF($N$16=0,0,D48/$N$16*1000) -> 2.148257 | J48: =IF($O$16=0,0,E48/$O$16*1000) -> 2.1347196 | K48: 2
B49: FILTRO B/O/D CO2 | C49: kg | D49: 50 | E49: =INDIRECT("'" & $S$2 & "'!E" & ROW()) + D49 -> 50 | F49: 41.96 | G49: =D49*F49 -> 2098 | H49: =INDIRECT("'" & $S$2 & "'!H" & ROW()) + G49 -> 2098 | I49: =IF($N$16=0,0,D49/$N$16*1000) -> 0.70305571 | J49: =IF($O$16=0,0,E49/$O$16*1000) -> 0.1187433 | K49: 0.5
B50: HELAQUAT CO2 | C50: kg | D50: 13.95 | E50: =INDIRECT("'" & $S$2 & "'!E" & ROW()) + D50 -> 97.96 | F50: 43.43 | G50: =D50*F50 -> 605.8485 | H50: =INDIRECT("'" & $S$2 & "'!H" & ROW()) + G50 -> 4254.4028 | I50: =IF($N$16=0,0,D50/$N$16*1000) -> 0.19615254 | J50: =IF($O$16=0,0,E50/$O$16*1000) -> 0.23264188 | K50: 0.05
B51: CAL VIRGEM | C51: kg | E51: =INDIRECT("'" & $S$2 & "'!E" & ROW()) + D51 -> 9915.13 | F51: 1.03 | G51: =D51*F51 -> 0 | H51: =INDIRECT("'" & $S$2 & "'!H" & ROW()) + G51 -> 10212.584 | I51: =IF($N$16=0,0,D51/$N$16*1000) -> 0 | J51: =IF($O$16=0,0,E51/$O$16*1000) -> 23.547106 | K51: 0
B52: AMONIA ANIDRA | C52: Kg | E52: =INDIRECT("'" & $S$2 & "'!E" & ROW()) + D52 -> 0 | F52: 26.1 | G52: =D52*F52 -> 0 | H52: =INDIRECT("'" & $S$2 & "'!H" & ROW()) + G52 -> 0 | I52: =IF($N$16=0,0,D52/$N$16*1000) -> 0 | J52: =IF($O$16=0,0,E52/$O$16*1000) -> 0 | K52: 2.5
B53: AT 8807 | C53: Kg | D53: 7.72 | E53: =INDIRECT("'" & $S$2 & "'!E" & ROW()) + D53 -> 69.99 | F53: 26.42 | G53: =D53*F53 -> 203.9624 | H53: =INDIRECT("'" & $S$2 & "'!H" & ROW()) + G53 -> 1849.1358 | I53: =IF($N$16=0,0,D53/$N$16*1000) -> 0.1085518 | J53: =IF($O$16=0,0,E53/$O$16*1000) -> 0.16621687 | K53: 0.3

Sheet semana 8
B2: SEMANA | E2: CONSUMO DE PRODUTOS QUÍMICOS SAFRA 2026/2027 | S2: SEMANA 7
B3: 8 | C3: SEMANA 01/06/2026 A 07/06/2026
B4: Destilaria | D4: Consumo | F4: Custos( R$ ) | I4: Gr / m³ | M4: Descrição | N4: Semana | O4: Safra 2026 | P4: Safra 2025
D5: SEMANAL | E5: SAFRA | F5: VALOR | G5: SEMANA | H5: SAFRA | I5: SEMANA | J5: SAFRA | K5: META | M5: AÇÚCAR VHP (scs.) | N5: 108415 | O5: =INDIRECT("'" & $S$2 & "'!O" & ROW()) + N5 -> 605878 | P5: 474379
B6: ÁC.SULFURICO | C6: kg | D6: 17153.7 | E6: =INDIRECT("'" & $S$2 & "'!E" & ROW()) + D6 -> 98760.05 | F6: 8.6 | G6: =F6*D6 -> 147521.82 | H6: =INDIRECT("'" & $S$2 & "'!H" & ROW()) + G6 -> 568606.08 | I6: =IF($N$9=0,0,D6/$N$9*1000) -> 7.6701638 | J6: =IF($O$9=0,0,E6/$O$9*1000) -> 5.3287999 | K6: 9.8 | M6: AÇÚCAR CRISTAL (scs.) | O6: ='semana 1'!O6+N6 -> 0
B7: ANTIBIÓTICO | C7: kg | D7: 10 | E7: =INDIRECT("'" & $S$2 & "'!E" & ROW()) + D7 -> 130 | F7: 599 | G7: =F7*D7 -> 5990 | H7: =INDIRECT("'" & $S$2 & "'!H" & ROW()) + G7 -> 77870 | I7: =IF($N$9=0,0,D7/$N$9*1000)*1000 -> 4.471434 | J7: =IF($O$9=0,0,E7/$O$9*1000)*1000 -> 7.0144151 | K7: 6.8 | M7: ETANOL ANIDRO ( L ) | O7: ='semana 1'!O7+N7 -> 0
B8: ANTIESPUMANTE | C8: kg | D8: 650 | E8: =INDIRECT("'" & $S$2 & "'!E" & ROW()) + D8 -> 11500 | F8: 15 | G8: =F8*D8 -> 9750 | H8: =INDIRECT("'" & $S$2 & "'!H" & ROW()) + G8 -> 165842.4 | I8: =IF($N$9=0,0,D8/$N$9*1000)*1000 -> 290.64321 | J8: =IF($O$9=0,0,E8/$O$9*1000)*1000 -> 620.50595 | K8: 400 | M8: ETANOL HIDRATADO ( L ) | N8: 2236419 | O8: =INDIRECT("'" & $S$2 & "'!O" & ROW()) + N8 -> 18533263 | P8: 7198804
B9: DISPERSANTE | C9: kg | D9: 549.94 | E9: =INDIRECT("'" & $S$2 & "'!E" & ROW()) + D9 -> 6533.99 | F9: 25.15 | G9: =F9*D9 -> 13830.991 | H9: =INDIRECT("'" & $S$2 & "'!H" & ROW()) + G9 -> 164329.85 | I9: =IF($N$9=0,0,D9/$N$9*1000)*1000 -> 245.90204 | J9: =IF($O$9=0,0,E9/$O$9*1000)*1000 -> 352.55476 | K9: 200 | M9: ETANOL TOTAL | N9: =SUM(N7:N8) -> 2236419 | O9: =SUM(O7:O8) -> 18533263
B10: NEUT.ALCOOL | C10: kg | E10: =INDIRECT("'" & $S$2 & "'!E" & ROW()) + D10 -> 150 | F10: 10.98 | G10: =F10*D10 -> 0 | H10: =INDIRECT("'" & $S$2 & "'!H" & ROW()) + G10 -> 1647 | I10: =IF($N$9=0,0,D10/$N$9*1000)*1000 -> 0 | J10: =IF($O$9=0,0,E10/$O$9*1000)*1000 -> 8.0935559 | K10: 10 | M10: AÇUCAR TOTAL | N10: =SUM(N5:N6) -> 108415 | O10: =SUM(O5:O6) -> 605878
B11: NUTRIENTES | C11: kg | E11: =INDIRECT("'" & $S$2 & "'!E" & ROW()) + D11 -> 2653.34 | F11: 4.13 | G11: =F11*D11 -> 0 | H11: =INDIRECT("'" & $S$2 & "'!H" & ROW()) + G11 -> 10958.294 | I11: =IF($N$9=0,0,D11/$N$9*1000)*1000 -> 0 | J11: =IF($O$9=0,0,E11/$O$9*1000)*1000 -> 143.16637
B12: SODA CÁUSTICA | C12: kg | D12: 1200 | E12: =INDIRECT("'" & $S$2 & "'!E" & ROW()) + D12 -> 6700 | F12: 5.83 | G12: =F12*D12 -> 6996 | H12: =INDIRECT("'" & $S$2 & "'!H" & ROW()) + G12 -> 39061 | I12: =IF($N$9=0,0,D12/$N$9*1000)*1000 -> 536.57208 | J12: =IF($O$9=0,0,E12/$O$9*1000)*1000 -> 361.51216 | K12: 400 | M12: MOAGEM ( Toneladas ) | S12: 10
B13: FERMAPLUS | C13: kg | D13: 1821.12 | E13: =INDIRECT("'" & $S$2 & "'!E" & ROW()) + D13 -> 7713.37 | F13: 6 | G13: =F13*D13 -> 10926.72 | H13: =INDIRECT("'" & $S$2 & "'!H" & ROW()) + G13 -> 46280.22 | I13: =IF($N$9=0,0,D13/$N$9*1000)*1000 -> 814.30179 | J13: =IF($O$9=0,0,E13/$O$9*1000)*1000 -> 416.19061 | K13: 500 | M13: CANA MOÍDA | N13: SEMANA | O13: SAFRA 2026 | P13: SAFRA 2025
B14: MONENSINA | C14: kg | D14: 15 | E14: =INDIRECT("'" & $S$2 & "'!E" & ROW()) + D14 -> 70 | F14: 425 | G14: =F14*D14 -> 6375 | H14: =INDIRECT("'" & $S$2 & "'!H" & ROW()) + G14 -> 29750 | I14: =IF($N$9=0,0,D14/$N$9*1000)*1000 -> 6.707151 | J14: =IF($O$9=0,0,E14/$O$9*1000)*1000 -> 3.7769928 | K14: 3 | M14: PARA ETANOL | N14: 25834.481 | O14: =INDIRECT("'" & $S$2 & "'!O" & ROW()) + N14 -> 242111.53 | P14: 109288.29
M15: PARA AÇÚCAR | N15: 41861.599 | O15: =INDIRECT("'" & $S$2 & "'!O" & ROW()) + N15 -> 246660.93 | P15: 211741.17
B16: Fábrica | D16: Consumo | F16: Custos( R$ ) | I16: Gr / tc | M16: MOÍDA TOTAL | N16: =SUM(N14:N15) -> 67696.08 | O16: =SUM(O14:O15) -> 488772.46 | P16: =P15+P14 -> 321029.46
D17: SEMANAL | E17: SAFRA | F17: VALOR | G17: SEMANA | H17: SAFRA | I17: SEMANA | J17: SAFRA | K17: META
B18: FLOCULANTE | C18: kg | D18: 309 | E18: =INDIRECT("'" & $S$2 & "'!E" & ROW()) + D18 -> 2459 | F18: 21 | G18: =D18*F18 -> 6489 | H18: =INDIRECT("'" & $S$2 & "'!H" & ROW()) + G18 -> 51639 | I18: =IF($N$10=0,0,D18/$N$16*1000) -> 4.5645184 | J18: =IF($O$10=0,0,E18/$O$16*1000) -> 5.0309709 | K18: 6.1 | M18: SETOR | N18: SEMANA | O18: SAFRA 2026
B19: FLOCUL. FILTRO | C19: kg | D19: 175 | E19: =INDIRECT("'" & $S$2 & "'!E" & ROW()) + D19 -> 2500 | F19: 15.63 | G19: =D19*F19 -> 2735.25 | H19: =INDIRECT("'" & $S$2 & "'!H" & ROW()) + G19 -> 39075 | I19: =IF($N$10=0,0,D19/$N$16*1000) -> 2.5850832 | J19: =IF($O$10=0,0,E19/$O$16*1000) -> 5.1148545 | K19: 9 | M19: DESTILARIA | N19: =SUM(G6:G14) -> 201390.53 | O19: =INDIRECT("'" & $S$2 & "'!O" & ROW()) + N19 -> 1104344.8
B20: ENXOFRE | C20: kg | E20: =INDIRECT("'" & $S$2 & "'!E" & ROW()) + D20 -> 1000 | F20: 6.7 | G20: =D20*F20 -> 0 | H20: =INDIRECT("'" & $S$2 & "'!H" & ROW()) + G20 -> 6700 | I20: =IF($N$10=0,0,D20/$N$16*1000) -> 0 | J20: =IF($O$10=0,0,E20/$O$16*1000) -> 2.0459418 | K20: 51 | M20: FÁBRICA | N20: =SUM(G18:G27)+G51 -> 55296.208 | O20: =INDIRECT("'" & $S$2 & "'!O" & ROW()) + N20 -> 495352.69
B21: AC.FOSFÓRICO | C21: kg | E21: =INDIRECT("'" & $S$2 & "'!E" & ROW()) + D21 -> 0 | F21: 5.85 | G21: =D21*F21 -> 0 | H21: =INDIRECT("'" & $S$2 & "'!H" & ROW()) + G21 -> 0 | I21: =IF($N$10=0,0,D21/$N$16*1000) -> 0 | J21: =IF($O$10=0,0,E21/$O$16*1000) -> 0 | M21: MOENDA | N21: =SUM(G30:G37) -> 8372.1806 | O21: =INDIRECT("'" & $S$2 & "'!O" & ROW()) + N21 -> 64470.739
B22: CAL DOLOMÍTICA | C22: kg | D22: 23203.3 | E22: =INDIRECT("'" & $S$2 & "'!E" & ROW()) + D22 -> 216966.1 | F22: 1.03 | G22: =D22*F22 -> 23899.399 | H22: =INDIRECT("'" & $S$2 & "'!H" & ROW()) + G22 -> 223475.08 | I22: =IF($N$10=0,0,D22/$N$16*1000) -> 342.75692 | J22: =IF($O$10=0,0,E22/$O$16*1000) -> 443.90001 | K22: 1000 | M22: ETA/CALD. | N22: =SUM(G40:G53)-G51 -> 23384.04 | O22: =INDIRECT("'" & $S$2 & "'!O" & ROW()) + N22 -> 129370.67
B23: SODA CÁUSTICA | C23: kg | D23: 450 | E23: =INDIRECT("'" & $S$2 & "'!E" & ROW()) + D23 -> 4475 | F23: 5.83 | G23: =D23*F23 -> 2623.5 | H23: =INDIRECT("'" & $S$2 & "'!H" & ROW()) + G23 -> 26089.25 | I23: =IF($N$10=0,0,D23/$N$16*1000) -> 6.6473568 | J23: =IF($O$10=0,0,E23/$O$16*1000) -> 9.1555895 | K23: 13 | M23: CUSTO TOTAL (R$ ) | N23: =SUM(N19:N22) -> 288442.96 | O23: =SUM(O19:O22) -> 1793538.9
B24: NEUT.VAPOR | C24: kg | D24: 1355.57 | E24: =INDIRECT("'" & $S$2 & "'!E" & ROW()) + D24 -> 7911.09 | F24: 8 | G24: =D24*F24 -> 10844.56 | H24: =INDIRECT("'" & $S$2 & "'!H" & ROW()) + G24 -> 63288.72 | I24: =IF($N$10=0,0,D24/$N$16*1000) -> 20.02435 | J24: =IF($O$10=0,0,E24/$O$16*1000) -> 16.18563 | K24: 2.8
B25: ANTI-INCRUST. | C25: kg | D25: 1100.01 | E25: =INDIRECT("'" & $S$2 & "'!E" & ROW()) + D25 -> 12798.83 | F25: 5.85 | G25: =D25*F25 -> 6435.0585 | H25: =INDIRECT("'" & $S$2 & "'!H" & ROW()) + G25 -> 74873.155 | I25: =IF($N$10=0,0,D25/$N$16*1000) -> 16.249242 | J25: =IF($O$10=0,0,E25/$O$16*1000) -> 26.185661 | K25: 28 | M25: Setor | N25: Semana | P25: Safra 2026
B26: CLARIFICANTE FL 40 | C26: Kg | E26: =INDIRECT("'" & $S$2 & "'!E" & ROW()) + D26 -> 0 | F26: 6.98 | G26: =D26*F26 -> 0 | H26: =INDIRECT("'" & $S$2 & "'!H" & ROW()) + G26 -> 0 | I26: =IF($N$10=0,0,D26/$N$16*1000) -> 0 | J26: =IF($O$10=0,0,E26/$O$16*1000) -> 0 | K26: 21.3 | M26: DESTILARIA | N26: =IF($N$9=0,0,N19/$N$9*1000) -> 90.050447 | O26: R$/m³ | P26: =IF($O$9=0,0,O19/$O$9*1000) -> 59.587178 | Q26: R$/m³
B27: LUBRIFICANTE MASSA | C27: Kg | E27: =INDIRECT("'" & $S$2 & "'!E" & ROW()) + D27 -> 22.22 | G27: =D27*F27 -> 0 | H27: =INDIRECT("'" & $S$2 & "'!H" & ROW()) + G27 -> 0 | I27: =IF($N$10=0,0,D27/$N$16*1000) -> 0 | J27: =IF($O$10=0,0,E27/$O$16*1000) -> 0.045460826 | K27: 3.6 | M27: FÁBRICA | N27: =IF($N$10=0,0,N20/$N$16) -> 0.81683028 | O27: R$/tc | P27: =IF($O$10=0,0,O20/$O$16) -> 1.0134628 | Q27: R$/tc
B28: Moenda | D28: Consumo | F28: Custos( R$ ) | I28: Gr / tc | M28: MOENDA | N28: =IF($N$16=0,0,N21/$N$16) -> 0.12367305 | O28: R$/tc | P28: =IF($O$16=0,0,O21/$O$16) -> 0.13190338 | Q28: R$/tc
D29: SEMANAL | E29: SAFRA | F29: VALOR | G29: SEMANA | H29: SAFRA | I29: SEMANA | J29: SAFRA | K29: META | M29: ETA/CALD. | N29: =IF($N$16=0,0,N22/$N$16) -> 0.3454268 | O29: R$/tc | P29: =IF($O$16=0,0,O22/$O$16) -> 0.26468487 | Q29: R$/tc
B30: CAL VIRGEM | C30: kg | E30: =INDIRECT("'" & $S$2 & "'!E" & ROW()) + D30 -> 3305 | F30: 1.03 | G30: =D30*F30 -> 0 | H30: =INDIRECT("'" & $S$2 & "'!H" & ROW()) + G30 -> 3404.15 | I30: =IF($N$16=0,0,D30/$N$16*1000) -> 0 | J30: =IF($O$16=0,0,E30/$O$16*1000) -> 6.7618376 | K30: 0 | M30: TOTAL | N30: =IF($N$16=0,0,N23/$N$16) -> 4.2608517 | O30: R$/tc | P30: =IF($O$16=0,0,O23/$O$16) -> 3.6694763 | Q30: R$/tc
B31: SODA CÁUSTICA | C31: kg | D31: 25 | E31: =INDIRECT("'" & $S$2 & "'!E" & ROW()) + D31 -> 275 | F31: 5.83 | G31: =D31*F31 -> 145.75 | H31: =INDIRECT("'" & $S$2 & "'!H" & ROW()) + G31 -> 1603.25 | I31: =IF($N$16=0,0,D31/$N$16*1000) -> 0.3692976 | J31: =IF($O$16=0,0,E31/$O$16*1000) -> 0.56263399 | K31: 1.5
B32: BAC.QUATERNARIO | C32: kg | D32: 752.94 | E32: =INDIRECT("'" & $S$2 & "'!E" & ROW()) + D32 -> 5447.09 | F32: 8.99 | G32: =D32*F32 -> 6768.9306 | H32: =INDIRECT("'" & $S$2 & "'!H" & ROW()) + G32 -> 48969.339 | I32: =IF($N$16=0,0,D32/$N$16*1000) -> 11.122357 | J32: =IF($O$16=0,0,E32/$O$16*1000) -> 11.144429 | K32: 8
B33: HELACLOR | C33: kg | E33: =INDIRECT("'" & $S$2 & "'!E" & ROW()) + D33 -> 0 | F33: 24 | G33: =D33*F33 -> 0 | H33: =INDIRECT("'" & $S$2 & "'!H" & ROW()) + G33 -> 0 | I33: =IF($N$16=0,0,D33/$N$16*1000) -> 0 | J33: =IF($O$16=0,0,E33/$O$16*1000) -> 0 | K33: 0
B34: SODA PENEIRA ROTATIVA | C34: Kg | D34: 125 | E34: =INDIRECT("'" & $S$2 & "'!E" & ROW()) + D34 -> 975 | F34: 5.83 | G34: =D34*F34 -> 728.75 | H34: =INDIRECT("'" & $S$2 & "'!H" & ROW()) + G34 -> 5684.25 | I34: =IF($N$16=0,0,D34/$N$16*1000) -> 1.846488 | J34: =IF($O$16=0,0,E34/$O$16*1000) -> 1.9947932 | K34: 2
B35: SODA PENEIRA VIBRATÓRIA | C35: kg | D35: 125 | E35: =INDIRECT("'" & $S$2 & "'!E" & ROW()) + D35 -> 800 | F35: 5.83 | G35: =D35*F35 -> 728.75 | H35: =INDIRECT("'" & $S$2 & "'!H" & ROW()) + G35 -> 4664 | I35: =IF($N$16=0,0,D35/$N$16*1000) -> 1.846488 | J35: =IF($O$16=0,0,E35/$O$16*1000) -> 1.6367534 | K35: 1
B36: ESTEIRA METALICA | C36: kg | E36: =INDIRECT("'" & $S$2 & "'!E" & ROW()) + D36 -> 25 | F36: 5.83 | G36: =D36*F36 -> 0 | H36: =INDIRECT("'" & $S$2 & "'!H" & ROW()) + G36 -> 145.75 | I36: =IF($N$16=0,0,D36/$N$16*1000) -> 0 | J36: =IF($O$16=0,0,E36/$O$16*1000) -> 0.051148545 | K36: 1
B38: Caldeira / Eta | D38: Consumo | F38: Custos ( R$ ) | I38: Gr/tc
D39: SEMANAL | E39: SAFRA | F39: VALOR | G39: SEMANA | H39: SAFRA | I39: SEMANA | J39: SAFRA | K39: META
B40: SODA CÁUSTICA | C40: kg | D40: 475 | E40: =INDIRECT("'" & $S$2 & "'!E" & ROW()) + D40 -> 2100 | F40: 5.83 | G40: =D40*F40 -> 2769.25 | H40: =INDIRECT("'" & $S$2 & "'!H" & ROW()) + G40 -> 12243 | I40: =IF($N$16=0,0,D40/$N$16*1000) -> 7.0166544 | J40: =IF($O$16=0,0,E40/$O$16*1000) -> 4.2964778 | K40: 6
B41: BRW 150 HELAMIN | C41: kg | D41: 150 | E41: =INDIRECT("'" & $S$2 & "'!E" & ROW()) + D41 -> 1250 | F41: 37.84 | G41: =D41*F41 -> 5676 | H41: =INDIRECT("'" & $S$2 & "'!H" & ROW()) + G41 -> 47300 | I41: =IF($N$16=0,0,D41/$N$16*1000) -> 2.2157856 | J41: =IF($O$16=0,0,E41/$O$16*1000) -> 2.5574272 | K41: 3
B42: POLÍMERO | C42: kg | E42: =INDIRECT("'" & $S$2 & "'!E" & ROW()) + D42 -> 88.5 | F42: 21 | G42: =D42*F42 -> 0 | H42: =INDIRECT("'" & $S$2 & "'!H" & ROW()) + G42 -> 1858.5 | I42: =IF($N$16=0,0,D42/$N$16*1000) -> 0 | J42: =IF($O$16=0,0,E42/$O$16*1000) -> 0.18106585 | K42: 0.35
B43: POLICLORETO | C43: kg | D43: 225 | E43: =INDIRECT("'" & $S$2 & "'!E" & ROW()) + D43 -> 2580 | F43: 2.9 | G43: =D43*F43 -> 652.5 | H43: =INDIRECT("'" & $S$2 & "'!H" & ROW()) + G43 -> 7482 | I43: =IF($N$16=0,0,D43/$N$16*1000) -> 3.3236784 | J43: =IF($O$16=0,0,E43/$O$16*1000) -> 5.2785298 | K43: 7
B44: HELACLOR ETA | C44: kg | D44: 15 | E44: =INDIRECT("'" & $S$2 & "'!E" & ROW()) + D44 -> 165 | F44: 24 | G44: =D44*F44 -> 360 | H44: =INDIRECT("'" & $S$2 & "'!H" & ROW()) + G44 -> 3960 | I44: =IF($N$16=0,0,D44/$N$16*1000) -> 0.22157856 | J44: =IF($O$16=0,0,E44/$O$16*1000) -> 0.33758039 | K44: 0.3
B45: SAL | C45: kg | D45: 502.85 | E45: =INDIRECT("'" & $S$2 & "'!E" & ROW()) + D45 -> 9327.87 | F45: 0.64 | G45: =D45*F45 -> 321.824 | H45: =INDIRECT("'" & $S$2 & "'!H" & ROW()) + G45 -> 5969.8368 | I45: =IF($N$16=0,0,D45/$N$16*1000) -> 7.428052 | J45: =IF($O$16=0,0,E45/$O$16*1000) -> 19.084279 | K45: 12
B46: HELACLOR TORRE | C46: kg | D46: 15 | E46: =INDIRECT("'" & $S$2 & "'!E" & ROW()) + D46 -> 112 | F46: 24 | G46: =D46*F46 -> 360 | H46: =INDIRECT("'" & $S$2 & "'!H" & ROW()) + G46 -> 2688 | I46: =IF($N$16=0,0,D46/$N$16*1000) -> 0.22157856 | J46: =IF($O$16=0,0,E46/$O$16*1000) -> 0.22914548 | K46: 0.4
B47: FILTRO B/O/D FERM. | C47: kg | E47: =INDIRECT("'" & $S$2 & "'!E" & ROW()) + D47 -> 72 | F47: 41.96 | G47: =D47*F47 -> 0 | H47: =INDIRECT("'" & $S$2 & "'!H" & ROW()) + G47 -> 3021.12 | I47: =IF($N$16=0,0,D47/$N$16*1000) -> 0 | J47: =IF($O$16=0,0,E47/$O$16*1000) -> 0.14730781 | K47: 0.2
B48: HELAMIN 9100 | C48: kg | D48: 140 | E48: =INDIRECT("'" & $S$2 & "'!E" & ROW()) + D48 -> 1038.88 | F48: 23.51 | G48: =D48*F48 -> 3291.4 | H48: =INDIRECT("'" & $S$2 & "'!H" & ROW()) + G48 -> 24424.069 | I48: =IF($N$16=0,0,D48/$N$16*1000) -> 2.0680666 | J48: =IF($O$16=0,0,E48/$O$16*1000) -> 2.125488 | K48: 2
B49: FILTRO B/O/D CO2 | C49: kg | E49: =INDIRECT("'" & $S$2 & "'!E" & ROW()) + D49 -> 50 | F49: 41.96 | G49: =D49*F49 -> 0 | H49: =INDIRECT("'" & $S$2 & "'!H" & ROW()) + G49 -> 2098 | I49: =IF($N$16=0,0,D49/$N$16*1000) -> 0 | J49: =IF($O$16=0,0,E49/$O$16*1000) -> 0.10229709 | K49: 0.5
B50: HELAQUAT CO2 | C50: kg | D50: 8.1 | E50: =INDIRECT("'" & $S$2 & "'!E" & ROW()) + D50 -> 106.06 | F50: 43.43 | G50: =D50*F50 -> 351.783 | H50: =INDIRECT("'" & $S$2 & "'!H" & ROW()) + G50 -> 4606.1858 | I50: =IF($N$16=0,0,D50/$N$16*1000) -> 0.11965242 | J50: =IF($O$16=0,0,E50/$O$16*1000) -> 0.21699259 | K50: 0.05
B51: CAL VIRGEM | C51: kg | D51: 2203.34 | E51: =INDIRECT("'" & $S$2 & "'!E" & ROW()) + D51 -> 12118.47 | F51: 1.03 | G51: =D51*F51 -> 2269.4402 | H51: =INDIRECT("'" & $S$2 & "'!H" & ROW()) + G51 -> 12482.024 | I51: =IF($N$16=0,0,D51/$N$16*1000) -> 32.547527 | J51: =IF($O$16=0,0,E51/$O$16*1000) -> 24.793684 | K51: 0
B52: AMONIA ANIDRA | C52: Kg | D52: 360 | E52: =INDIRECT("'" & $S$2 & "'!E" & ROW()) + D52 -> 360 | F52: 26.1 | G52: =D52*F52 -> 9396 | H52: =INDIRECT("'" & $S$2 & "'!H" & ROW()) + G52 -> 9396 | I52: =IF($N$16=0,0,D52/$N$16*1000) -> 5.3178855 | J52: =IF($O$16=0,0,E52/$O$16*1000) -> 0.73653904 | K52: 2.5
B53: AT 8807 | C53: Kg | D53: 7.77 | E53: =INDIRECT("'" & $S$2 & "'!E" & ROW()) + D53 -> 77.76 | F53: 26.42 | G53: =D53*F53 -> 205.2834 | H53: =INDIRECT("'" & $S$2 & "'!H" & ROW()) + G53 -> 2054.4192 | I53: =IF($N$16=0,0,D53/$N$16*1000) -> 0.11477769 | J53: =IF($O$16=0,0,E53/$O$16*1000) -> 0.15909243 | K53: 0.3

Sheet semana 9
B2: SEMANA | E2: CONSUMO DE PRODUTOS QUÍMICOS SAFRA 2026/2027 | S2: SEMANA 8
B3: 9 | C3: SEMANA 08/06/2026 A 14/06/2026
B4: Destilaria | D4: Consumo | F4: Custos( R$ ) | I4: Gr / m³ | M4: Descrição | N4: Semana | O4: Safra 2026 | P4: Safra 2025
D5: SEMANAL | E5: SAFRA | F5: VALOR | G5: SEMANA | H5: SAFRA | I5: SEMANA | J5: SAFRA | K5: META | M5: AÇÚCAR VHP (scs.) | N5: 73984 | O5: =INDIRECT("'" & $S$2 & "'!O" & ROW()) + N5 -> 679862 | P5: 573931
B6: ÁC.SULFURICO | C6: kg | D6: 9416.36 | E6: =INDIRECT("'" & $S$2 & "'!E" & ROW()) + D6 -> 108176.41 | F6: 9.6 | G6: =F6*D6 -> 90397.056 | H6: =INDIRECT("'" & $S$2 & "'!H" & ROW()) + G6 -> 659003.14 | I6: =IF($N$9=0,0,D6/$N$9*1000) -> 6.5024856 | J6: =IF($O$9=0,0,E6/$O$9*1000) -> 5.4138608 | K6: 9.8 | M6: AÇÚCAR CRISTAL (scs.) | O6: ='semana 1'!O6+N6 -> 0
B7: ANTIBIÓTICO | C7: kg | D7: 10 | E7: =INDIRECT("'" & $S$2 & "'!E" & ROW()) + D7 -> 140 | F7: 599 | G7: =F7*D7 -> 5990 | H7: =INDIRECT("'" & $S$2 & "'!H" & ROW()) + G7 -> 83860 | I7: =IF($N$9=0,0,D7/$N$9*1000)*1000 -> 6.9055194 | J7: =IF($O$9=0,0,E7/$O$9*1000)*1000 -> 7.0065231 | K7: 6.8 | M7: ETANOL ANIDRO ( L ) | O7: ='semana 1'!O7+N7 -> 0
B8: ANTIESPUMANTE | C8: kg | D8: 430 | E8: =INDIRECT("'" & $S$2 & "'!E" & ROW()) + D8 -> 11930 | F8: 15 | G8: =F8*D8 -> 6450 | H8: =INDIRECT("'" & $S$2 & "'!H" & ROW()) + G8 -> 172292.4 | I8: =IF($N$9=0,0,D8/$N$9*1000)*1000 -> 296.93733 | J8: =IF($O$9=0,0,E8/$O$9*1000)*1000 -> 597.05586 | K8: 400 | M8: ETANOL HIDRATADO ( L ) | N8: 1448117 | O8: =INDIRECT("'" & $S$2 & "'!O" & ROW()) + N8 -> 19981380 | P8: 8517073
B9: DISPERSANTE | C9: kg | D9: 317.64 | E9: =INDIRECT("'" & $S$2 & "'!E" & ROW()) + D9 -> 6851.63 | F9: 25.15 | G9: =F9*D9 -> 7988.646 | H9: =INDIRECT("'" & $S$2 & "'!H" & ROW()) + G9 -> 172318.49 | I9: =IF($N$9=0,0,D9/$N$9*1000)*1000 -> 219.34692 | J9: =IF($O$9=0,0,E9/$O$9*1000)*1000 -> 342.90074 | K9: 200 | M9: ETANOL TOTAL | N9: =SUM(N7:N8) -> 1448117 | O9: =SUM(O7:O8) -> 19981380
B10: NEUT.ALCOOL | C10: kg | E10: =INDIRECT("'" & $S$2 & "'!E" & ROW()) + D10 -> 150 | F10: 10.98 | G10: =F10*D10 -> 0 | H10: =INDIRECT("'" & $S$2 & "'!H" & ROW()) + G10 -> 1647 | I10: =IF($N$9=0,0,D10/$N$9*1000)*1000 -> 0 | J10: =IF($O$9=0,0,E10/$O$9*1000)*1000 -> 7.506989 | K10: 10 | M10: AÇUCAR TOTAL | N10: =SUM(N5:N6) -> 73984 | O10: =SUM(O5:O6) -> 679862
B11: NUTRIENTES | C11: kg | E11: =INDIRECT("'" & $S$2 & "'!E" & ROW()) + D11 -> 2653.34 | F11: 4.13 | G11: =F11*D11 -> 0 | H11: =INDIRECT("'" & $S$2 & "'!H" & ROW()) + G11 -> 10958.294 | I11: =IF($N$9=0,0,D11/$N$9*1000)*1000 -> 0 | J11: =IF($O$9=0,0,E11/$O$9*1000)*1000 -> 132.79063
B12: SODA CÁUSTICA | C12: kg | D12: 600 | E12: =INDIRECT("'" & $S$2 & "'!E" & ROW()) + D12 -> 7300 | F12: 5.83 | G12: =F12*D12 -> 3498 | H12: =INDIRECT("'" & $S$2 & "'!H" & ROW()) + G12 -> 42559 | I12: =IF($N$9=0,0,D12/$N$9*1000)*1000 -> 414.33116 | J12: =IF($O$9=0,0,E12/$O$9*1000)*1000 -> 365.34013 | K12: 400 | M12: MOAGEM ( Toneladas )
B13: FERMAPLUS | C13: kg | D13: 1405.56 | E13: =INDIRECT("'" & $S$2 & "'!E" & ROW()) + D13 -> 9118.93 | F13: 14 | G13: =F13*D13 -> 19677.84 | H13: =INDIRECT("'" & $S$2 & "'!H" & ROW()) + G13 -> 65958.06 | I13: =IF($N$9=0,0,D13/$N$9*1000)*1000 -> 970.61218 | J13: =IF($O$9=0,0,E13/$O$9*1000)*1000 -> 456.37138 | K13: 500 | M13: CANA MOÍDA | N13: SEMANA | O13: SAFRA 2026 | P13: SAFRA 2025
B14: MONENSINA | C14: kg | D14: 10 | E14: =INDIRECT("'" & $S$2 & "'!E" & ROW()) + D14 -> 80 | F14: 425 | G14: =F14*D14 -> 4250 | H14: =INDIRECT("'" & $S$2 & "'!H" & ROW()) + G14 -> 34000 | I14: =IF($N$9=0,0,D14/$N$9*1000)*1000 -> 6.9055194 | J14: =IF($O$9=0,0,E14/$O$9*1000)*1000 -> 4.0037275 | K14: 3 | M14: PARA ETANOL | N14: 16313.533 | O14: =INDIRECT("'" & $S$2 & "'!O" & ROW()) + N14 -> 258425.06 | P14: 125310.71
M15: PARA AÇÚCAR | N15: 24552.567 | O15: =INDIRECT("'" & $S$2 & "'!O" & ROW()) + N15 -> 271213.5 | P15: 248793.51
B16: Fábrica | D16: Consumo | F16: Custos( R$ ) | I16: Gr / tc | M16: MOÍDA TOTAL | N16: =SUM(N14:N15) -> 40866.1 | O16: =SUM(O14:O15) -> 529638.56 | P16: =P15+P14 -> 374104.22
D17: SEMANAL | E17: SAFRA | F17: VALOR | G17: SEMANA | H17: SAFRA | I17: SEMANA | J17: SAFRA | K17: META
B18: FLOCULANTE | C18: kg | D18: 100 | E18: =INDIRECT("'" & $S$2 & "'!E" & ROW()) + D18 -> 2559 | F18: 21 | G18: =D18*F18 -> 2100 | H18: =INDIRECT("'" & $S$2 & "'!H" & ROW()) + G18 -> 53739 | I18: =IF($N$10=0,0,D18/$N$16*1000) -> 2.447016 | J18: =IF($O$10=0,0,E18/$O$16*1000) -> 4.8315969 | K18: 6.1 | M18: SETOR | N18: SEMANA | O18: SAFRA 2026
B19: FLOCUL. FILTRO | C19: kg | D19: 175 | E19: =INDIRECT("'" & $S$2 & "'!E" & ROW()) + D19 -> 2675 | F19: 15.63 | G19: =D19*F19 -> 2735.25 | H19: =INDIRECT("'" & $S$2 & "'!H" & ROW()) + G19 -> 41810.25 | I19: =IF($N$10=0,0,D19/$N$16*1000) -> 4.282278 | J19: =IF($O$10=0,0,E19/$O$16*1000) -> 5.0506141 | K19: 9 | M19: DESTILARIA | N19: =SUM(G6:G14) -> 138251.54 | O19: =INDIRECT("'" & $S$2 & "'!O" & ROW()) + N19 -> 1242596.4
B20: ENXOFRE | C20: kg | E20: =INDIRECT("'" & $S$2 & "'!E" & ROW()) + D20 -> 1000 | F20: 6.7 | G20: =D20*F20 -> 0 | H20: =INDIRECT("'" & $S$2 & "'!H" & ROW()) + G20 -> 6700 | I20: =IF($N$10=0,0,D20/$N$16*1000) -> 0 | J20: =IF($O$10=0,0,E20/$O$16*1000) -> 1.8880801 | K20: 51 | M20: FÁBRICA | N20: =SUM(G18:G27)+G51 -> 34490.872 | O20: =INDIRECT("'" & $S$2 & "'!O" & ROW()) + N20 -> 529843.56
B21: AC.FOSFÓRICO | C21: kg | E21: =INDIRECT("'" & $S$2 & "'!E" & ROW()) + D21 -> 0 | F21: 5.85 | G21: =D21*F21 -> 0 | H21: =INDIRECT("'" & $S$2 & "'!H" & ROW()) + G21 -> 0 | I21: =IF($N$10=0,0,D21/$N$16*1000) -> 0 | J21: =IF($O$10=0,0,E21/$O$16*1000) -> 0 | M21: MOENDA | N21: =SUM(G30:G37) -> 5250.7642 | O21: =INDIRECT("'" & $S$2 & "'!O" & ROW()) + N21 -> 69721.503
B22: CAL DOLOMÍTICA | C22: kg | D22: 21258.6 | E22: =INDIRECT("'" & $S$2 & "'!E" & ROW()) + D22 -> 238224.7 | F22: 1.03 | G22: =D22*F22 -> 21896.358 | H22: =INDIRECT("'" & $S$2 & "'!H" & ROW()) + G22 -> 245371.44 | I22: =IF($N$10=0,0,D22/$N$16*1000) -> 520.20134 | J22: =IF($O$10=0,0,E22/$O$16*1000) -> 449.7873 | K22: 1000 | M22: ETA/CALD. | N22: =SUM(G40:G53)-G51 -> 10747.479 | O22: =INDIRECT("'" & $S$2 & "'!O" & ROW()) + N22 -> 140118.15
B23: SODA CÁUSTICA | C23: kg | D23: 500 | E23: =INDIRECT("'" & $S$2 & "'!E" & ROW()) + D23 -> 4975 | F23: 5.83 | G23: =D23*F23 -> 2915 | H23: =INDIRECT("'" & $S$2 & "'!H" & ROW()) + G23 -> 29004.25 | I23: =IF($N$10=0,0,D23/$N$16*1000) -> 12.23508 | J23: =IF($O$10=0,0,E23/$O$16*1000) -> 9.3931983 | K23: 13 | M23: CUSTO TOTAL (R$ ) | N23: =SUM(N19:N22) -> 188740.66 | O23: =SUM(O19:O22) -> 1982279.6
B24: NEUT.VAPOR | C24: kg | E24: =INDIRECT("'" & $S$2 & "'!E" & ROW()) + D24 -> 7911.09 | F24: 8 | G24: =D24*F24 -> 0 | H24: =INDIRECT("'" & $S$2 & "'!H" & ROW()) + G24 -> 63288.72 | I24: =IF($N$10=0,0,D24/$N$16*1000) -> 0 | J24: =IF($O$10=0,0,E24/$O$16*1000) -> 14.936771 | K24: 2.8
B25: ANTI-INCRUST. | C25: kg | D25: 634.11 | E25: =INDIRECT("'" & $S$2 & "'!E" & ROW()) + D25 -> 13432.94 | F25: 5.85 | G25: =D25*F25 -> 3709.5435 | H25: =INDIRECT("'" & $S$2 & "'!H" & ROW()) + G25 -> 78582.699 | I25: =IF($N$10=0,0,D25/$N$16*1000) -> 15.516773 | J25: =IF($O$10=0,0,E25/$O$16*1000) -> 25.362466 | K25: 28 | M25: Setor | N25: Semana | P25: Safra 2026
B26: CLARIFICANTE FL 40 | C26: Kg | E26: =INDIRECT("'" & $S$2 & "'!E" & ROW()) + D26 -> 0 | F26: 6.98 | G26: =D26*F26 -> 0 | H26: =INDIRECT("'" & $S$2 & "'!H" & ROW()) + G26 -> 0 | I26: =IF($N$10=0,0,D26/$N$16*1000) -> 0 | J26: =IF($O$10=0,0,E26/$O$16*1000) -> 0 | K26: 21.3 | M26: DESTILARIA | N26: =IF($N$9=0,0,N19/$N$9*1000) -> 95.46987 | O26: R$/m³ | P26: =IF($O$9=0,0,O19/$O$9*1000) -> 62.187716 | Q26: R$/m³
B27: LUBRIFICANTE MASSA | C27: Kg | E27: =INDIRECT("'" & $S$2 & "'!E" & ROW()) + D27 -> 22.22 | G27: =D27*F27 -> 0 | H27: =INDIRECT("'" & $S$2 & "'!H" & ROW()) + G27 -> 0 | I27: =IF($N$10=0,0,D27/$N$16*1000) -> 0 | J27: =IF($O$10=0,0,E27/$O$16*1000) -> 0.041953139 | K27: 3.6 | M27: FÁBRICA | N27: =IF($N$10=0,0,N20/$N$16) -> 0.84399714 | O27: R$/tc | P27: =IF($O$10=0,0,O20/$O$16) -> 1.0003871 | Q27: R$/tc
B28: Moenda | D28: Consumo | F28: Custos( R$ ) | I28: Gr / tc | M28: MOENDA | N28: =IF($N$16=0,0,N21/$N$16) -> 0.12848704 | O28: R$/tc | P28: =IF($O$16=0,0,O21/$O$16) -> 0.13163978 | Q28: R$/tc
D29: SEMANAL | E29: SAFRA | F29: VALOR | G29: SEMANA | H29: SAFRA | I29: SEMANA | J29: SAFRA | K29: META | M29: ETA/CALD. | N29: =IF($N$16=0,0,N22/$N$16) -> 0.26299253 | O29: R$/tc | P29: =IF($O$16=0,0,O22/$O$16) -> 0.26455429 | Q29: R$/tc
B30: CAL VIRGEM | C30: kg | E30: =INDIRECT("'" & $S$2 & "'!E" & ROW()) + D30 -> 3305 | F30: 1.03 | G30: =D30*F30 -> 0 | H30: =INDIRECT("'" & $S$2 & "'!H" & ROW()) + G30 -> 3404.15 | I30: =IF($N$16=0,0,D30/$N$16*1000) -> 0 | J30: =IF($O$16=0,0,E30/$O$16*1000) -> 6.2401046 | K30: 0 | M30: TOTAL | N30: =IF($N$16=0,0,N23/$N$16) -> 4.618514 | O30: R$/tc | P30: =IF($O$16=0,0,O23/$O$16) -> 3.7427026 | Q30: R$/tc
B31: SODA CÁUSTICA | C31: kg | D31: 25 | E31: =INDIRECT("'" & $S$2 & "'!E" & ROW()) + D31 -> 300 | F31: 5.83 | G31: =D31*F31 -> 145.75 | H31: =INDIRECT("'" & $S$2 & "'!H" & ROW()) + G31 -> 1749 | I31: =IF($N$16=0,0,D31/$N$16*1000) -> 0.611754 | J31: =IF($O$16=0,0,E31/$O$16*1000) -> 0.56642402 | K31: 1.5
B32: BAC.QUATERNARIO | C32: kg | D32: 470.58 | E32: =INDIRECT("'" & $S$2 & "'!E" & ROW()) + D32 -> 5917.67 | F32: 8.99 | G32: =D32*F32 -> 4230.5142 | H32: =INDIRECT("'" & $S$2 & "'!H" & ROW()) + G32 -> 53199.853 | I32: =IF($N$16=0,0,D32/$N$16*1000) -> 11.515168 | J32: =IF($O$16=0,0,E32/$O$16*1000) -> 11.173035 | K32: 8
B33: HELACLOR | C33: kg | E33: =INDIRECT("'" & $S$2 & "'!E" & ROW()) + D33 -> 0 | F33: 24 | G33: =D33*F33 -> 0 | H33: =INDIRECT("'" & $S$2 & "'!H" & ROW()) + G33 -> 0 | I33: =IF($N$16=0,0,D33/$N$16*1000) -> 0 | J33: =IF($O$16=0,0,E33/$O$16*1000) -> 0 | K33: 0
B34: SODA PENEIRA ROTATIVA | C34: Kg | D34: 50 | E34: =INDIRECT("'" & $S$2 & "'!E" & ROW()) + D34 -> 1025 | F34: 5.83 | G34: =D34*F34 -> 291.5 | H34: =INDIRECT("'" & $S$2 & "'!H" & ROW()) + G34 -> 5975.75 | I34: =IF($N$16=0,0,D34/$N$16*1000) -> 1.223508 | J34: =IF($O$16=0,0,E34/$O$16*1000) -> 1.9352821 | K34: 2
B35: SODA PENEIRA VIBRATÓRIA | C35: kg | D35: 75 | E35: =INDIRECT("'" & $S$2 & "'!E" & ROW()) + D35 -> 875 | F35: 5.83 | G35: =D35*F35 -> 437.25 | H35: =INDIRECT("'" & $S$2 & "'!H" & ROW()) + G35 -> 5101.25 | I35: =IF($N$16=0,0,D35/$N$16*1000) -> 1.835262 | J35: =IF($O$16=0,0,E35/$O$16*1000) -> 1.65207 | K35: 1
B36: ESTEIRA METALICA | C36: kg | D36: 25 | E36: =INDIRECT("'" & $S$2 & "'!E" & ROW()) + D36 -> 50 | F36: 5.83 | G36: =D36*F36 -> 145.75 | H36: =INDIRECT("'" & $S$2 & "'!H" & ROW()) + G36 -> 291.5 | I36: =IF($N$16=0,0,D36/$N$16*1000) -> 0.611754 | J36: =IF($O$16=0,0,E36/$O$16*1000) -> 0.094404003 | K36: 1
B38: Caldeira / Eta | D38: Consumo | F38: Custos ( R$ ) | I38: Gr/tc
D39: SEMANAL | E39: SAFRA | F39: VALOR | G39: SEMANA | H39: SAFRA | I39: SEMANA | J39: SAFRA | K39: META
B40: SODA CÁUSTICA | C40: kg | D40: 525 | E40: =INDIRECT("'" & $S$2 & "'!E" & ROW()) + D40 -> 2625 | F40: 5.83 | G40: =D40*F40 -> 3060.75 | H40: =INDIRECT("'" & $S$2 & "'!H" & ROW()) + G40 -> 15303.75 | I40: =IF($N$16=0,0,D40/$N$16*1000) -> 12.846834 | J40: =IF($O$16=0,0,E40/$O$16*1000) -> 4.9562101 | K40: 6
B41: BRW 150 HELAMIN | C41: kg | D41: 100 | E41: =INDIRECT("'" & $S$2 & "'!E" & ROW()) + D41 -> 1350 | F41: 37.84 | G41: =D41*F41 -> 3784 | H41: =INDIRECT("'" & $S$2 & "'!H" & ROW()) + G41 -> 51084 | I41: =IF($N$16=0,0,D41/$N$16*1000) -> 2.447016 | J41: =IF($O$16=0,0,E41/$O$16*1000) -> 2.5489081 | K41: 3
B42: POLÍMERO | C42: kg | E42: =INDIRECT("'" & $S$2 & "'!E" & ROW()) + D42 -> 88.5 | F42: 21 | G42: =D42*F42 -> 0 | H42: =INDIRECT("'" & $S$2 & "'!H" & ROW()) + G42 -> 1858.5 | I42: =IF($N$16=0,0,D42/$N$16*1000) -> 0 | J42: =IF($O$16=0,0,E42/$O$16*1000) -> 0.16709508 | K42: 0.35
B43: POLICLORETO | C43: kg | D43: 285 | E43: =INDIRECT("'" & $S$2 & "'!E" & ROW()) + D43 -> 2865 | F43: 2.9 | G43: =D43*F43 -> 826.5 | H43: =INDIRECT("'" & $S$2 & "'!H" & ROW()) + G43 -> 8308.5 | I43: =IF($N$16=0,0,D43/$N$16*1000) -> 6.9739956 | J43: =IF($O$16=0,0,E43/$O$16*1000) -> 5.4093493 | K43: 7
B44: HELACLOR ETA | C44: kg | D44: 15 | E44: =INDIRECT("'" & $S$2 & "'!E" & ROW()) + D44 -> 180 | F44: 24 | G44: =D44*F44 -> 360 | H44: =INDIRECT("'" & $S$2 & "'!H" & ROW()) + G44 -> 4320 | I44: =IF($N$16=0,0,D44/$N$16*1000) -> 0.3670524 | J44: =IF($O$16=0,0,E44/$O$16*1000) -> 0.33985441 | K44: 0.3
B45: SAL | C45: kg | D45: 502.85 | E45: =INDIRECT("'" & $S$2 & "'!E" & ROW()) + D45 -> 9830.72 | F45: 0.64 | G45: =D45*F45 -> 321.824 | H45: =INDIRECT("'" & $S$2 & "'!H" & ROW()) + G45 -> 6291.6608 | I45: =IF($N$16=0,0,D45/$N$16*1000) -> 12.30482 | J45: =IF($O$16=0,0,E45/$O$16*1000) -> 18.561186 | K45: 12
B46: HELACLOR TORRE | C46: kg | D46: 25 | E46: =INDIRECT("'" & $S$2 & "'!E" & ROW()) + D46 -> 137 | F46: 24 | G46: =D46*F46 -> 600 | H46: =INDIRECT("'" & $S$2 & "'!H" & ROW()) + G46 -> 3288 | I46: =IF($N$16=0,0,D46/$N$16*1000) -> 0.611754 | J46: =IF($O$16=0,0,E46/$O$16*1000) -> 0.25866697 | K46: 0.4
B47: FILTRO B/O/D FERM. | C47: kg | E47: =INDIRECT("'" & $S$2 & "'!E" & ROW()) + D47 -> 72 | F47: 41.96 | G47: =D47*F47 -> 0 | H47: =INDIRECT("'" & $S$2 & "'!H" & ROW()) + G47 -> 3021.12 | I47: =IF($N$16=0,0,D47/$N$16*1000) -> 0 | J47: =IF($O$16=0,0,E47/$O$16*1000) -> 0.13594176 | K47: 0.2
B48: HELAMIN 9100 | C48: kg | D48: 48.89 | E48: =INDIRECT("'" & $S$2 & "'!E" & ROW()) + D48 -> 1087.77 | F48: 23.51 | G48: =D48*F48 -> 1149.4039 | H48: =INDIRECT("'" & $S$2 & "'!H" & ROW()) + G48 -> 25573.473 | I48: =IF($N$16=0,0,D48/$N$16*1000) -> 1.1963461 | J48: =IF($O$16=0,0,E48/$O$16*1000) -> 2.0537968 | K48: 2
B49: FILTRO B/O/D CO2 | C49: kg | E49: =INDIRECT("'" & $S$2 & "'!E" & ROW()) + D49 -> 50 | F49: 41.96 | G49: =D49*F49 -> 0 | H49: =INDIRECT("'" & $S$2 & "'!H" & ROW()) + G49 -> 2098 | I49: =IF($N$16=0,0,D49/$N$16*1000) -> 0 | J49: =IF($O$16=0,0,E49/$O$16*1000) -> 0.094404003 | K49: 0.5
B50: HELAQUAT CO2 | C50: kg | D50: 10.8 | E50: =INDIRECT("'" & $S$2 & "'!E" & ROW()) + D50 -> 116.86 | F50: 43.43 | G50: =D50*F50 -> 469.044 | H50: =INDIRECT("'" & $S$2 & "'!H" & ROW()) + G50 -> 5075.2298 | I50: =IF($N$16=0,0,D50/$N$16*1000) -> 0.26427773 | J50: =IF($O$16=0,0,E50/$O$16*1000) -> 0.22064103 | K50: 0.05
B51: CAL VIRGEM | C51: kg | D51: 1101.67 | E51: =INDIRECT("'" & $S$2 & "'!E" & ROW()) + D51 -> 13220.14 | F51: 1.03 | G51: =D51*F51 -> 1134.7201 | H51: =INDIRECT("'" & $S$2 & "'!H" & ROW()) + G51 -> 13616.744 | I51: =IF($N$16=0,0,D51/$N$16*1000) -> 26.958041 | J51: =IF($O$16=0,0,E51/$O$16*1000) -> 24.960683 | K51: 0
B52: AMONIA ANIDRA | C52: Kg | E52: =INDIRECT("'" & $S$2 & "'!E" & ROW()) + D52 -> 360 | F52: 26.1 | G52: =D52*F52 -> 0 | H52: =INDIRECT("'" & $S$2 & "'!H" & ROW()) + G52 -> 9396 | I52: =IF($N$16=0,0,D52/$N$16*1000) -> 0 | J52: =IF($O$16=0,0,E52/$O$16*1000) -> 0.67970882 | K52: 2.5
B53: AT 8807 | C53: Kg | D53: 6.66 | E53: =INDIRECT("'" & $S$2 & "'!E" & ROW()) + D53 -> 84.42 | F53: 26.42 | G53: =D53*F53 -> 175.9572 | H53: =INDIRECT("'" & $S$2 & "'!H" & ROW()) + G53 -> 2230.3764 | I53: =IF($N$16=0,0,D53/$N$16*1000) -> 0.16297126 | J53: =IF($O$16=0,0,E53/$O$16*1000) -> 0.15939172 | K53: 0.3

Sheet semana 10
B2: SEMANA | E2: CONSUMO DE PRODUTOS QUÍMICOS SAFRA 2026/2027 | S2: SEMANA 9
B3: 10 | C3: SEMANA 15/06/2026 A 21/06/2026
B4: Destilaria | D4: Consumo | F4: Custos( R$ ) | I4: Gr / m³ | M4: Descrição | N4: Semana | O4: Safra 2026 | P4: Safra 2025
D5: SEMANAL | E5: SAFRA | F5: VALOR | G5: SEMANA | H5: SAFRA | I5: SEMANA | J5: SAFRA | K5: META | M5: AÇÚCAR VHP (scs.) | N5: 66316 | O5: =INDIRECT("'" & $S$2 & "'!O" & ROW()) + N5 -> 746178 | P5: 664515
B6: ÁC.SULFURICO | C6: kg | D6: 5866.09 | E6: =INDIRECT("'" & $S$2 & "'!E" & ROW()) + D6 -> 114042.5 | F6: 9.6 | G6: =F6*D6 -> 56314.464 | H6: =INDIRECT("'" & $S$2 & "'!H" & ROW()) + G6 -> 715317.6 | I6: =IF($N$9=0,0,D6/$N$9*1000) -> 4.4059032 | J6: =IF($O$9=0,0,E6/$O$9*1000) -> 5.3508934 | K6: 9.8 | M6: AÇÚCAR CRISTAL (scs.) | O6: ='semana 1'!O6+N6 -> 0
B7: ANTIBIÓTICO | C7: kg | D7: 10 | E7: =INDIRECT("'" & $S$2 & "'!E" & ROW()) + D7 -> 150 | F7: 599 | G7: =F7*D7 -> 5990 | H7: =INDIRECT("'" & $S$2 & "'!H" & ROW()) + G7 -> 89850 | I7: =IF($N$9=0,0,D7/$N$9*1000)*1000 -> 7.5108005 | J7: =IF($O$9=0,0,E7/$O$9*1000)*1000 -> 7.0380254 | K7: 6.8 | M7: ETANOL ANIDRO ( L ) | O7: ='semana 1'!O7+N7 -> 0
B8: ANTIESPUMANTE | C8: kg | D8: 680 | E8: =INDIRECT("'" & $S$2 & "'!E" & ROW()) + D8 -> 12610 | F8: 15 | G8: =F8*D8 -> 10200 | H8: =INDIRECT("'" & $S$2 & "'!H" & ROW()) + G8 -> 182492.4 | I8: =IF($N$9=0,0,D8/$N$9*1000)*1000 -> 510.73444 | J8: =IF($O$9=0,0,E8/$O$9*1000)*1000 -> 591.66334 | K8: 400 | M8: ETANOL HIDRATADO ( L ) | N8: 1331416 | O8: =INDIRECT("'" & $S$2 & "'!O" & ROW()) + N8 -> 21312796 | P8: 9757064
B9: DISPERSANTE | C9: kg | D9: 283 | E9: =INDIRECT("'" & $S$2 & "'!E" & ROW()) + D9 -> 7134.63 | F9: 25.15 | G9: =F9*D9 -> 7117.45 | H9: =INDIRECT("'" & $S$2 & "'!H" & ROW()) + G9 -> 179435.94 | I9: =IF($N$9=0,0,D9/$N$9*1000)*1000 -> 212.55566 | J9: =IF($O$9=0,0,E9/$O$9*1000)*1000 -> 334.75805 | K9: 200 | M9: ETANOL TOTAL | N9: =SUM(N7:N8) -> 1331416 | O9: =SUM(O7:O8) -> 21312796
B10: NEUT.ALCOOL | C10: kg | E10: =INDIRECT("'" & $S$2 & "'!E" & ROW()) + D10 -> 150 | F10: 10.98 | G10: =F10*D10 -> 0 | H10: =INDIRECT("'" & $S$2 & "'!H" & ROW()) + G10 -> 1647 | I10: =IF($N$9=0,0,D10/$N$9*1000)*1000 -> 0 | J10: =IF($O$9=0,0,E10/$O$9*1000)*1000 -> 7.0380254 | K10: 10 | M10: AÇUCAR TOTAL | N10: =SUM(N5:N6) -> 66316 | O10: =SUM(O5:O6) -> 746178
B11: NUTRIENTES | C11: kg | E11: =INDIRECT("'" & $S$2 & "'!E" & ROW()) + D11 -> 2653.34 | F11: 4.13 | G11: =F11*D11 -> 0 | H11: =INDIRECT("'" & $S$2 & "'!H" & ROW()) + G11 -> 10958.294 | I11: =IF($N$9=0,0,D11/$N$9*1000)*1000 -> 0 | J11: =IF($O$9=0,0,E11/$O$9*1000)*1000 -> 124.49516
B12: SODA CÁUSTICA | C12: kg | D12: 575 | E12: =INDIRECT("'" & $S$2 & "'!E" & ROW()) + D12 -> 7875 | F12: 5.83 | G12: =F12*D12 -> 3352.25 | H12: =INDIRECT("'" & $S$2 & "'!H" & ROW()) + G12 -> 45911.25 | I12: =IF($N$9=0,0,D12/$N$9*1000)*1000 -> 431.87103 | J12: =IF($O$9=0,0,E12/$O$9*1000)*1000 -> 369.49633 | K12: 400 | M12: MOAGEM ( Toneladas )
B13: FERMAPLUS | C13: kg | D13: 1537.2 | E13: =INDIRECT("'" & $S$2 & "'!E" & ROW()) + D13 -> 10656.13 | F13: 14 | G13: =F13*D13 -> 21520.8 | H13: =INDIRECT("'" & $S$2 & "'!H" & ROW()) + G13 -> 87478.86 | I13: =IF($N$9=0,0,D13/$N$9*1000)*1000 -> 1154.5603 | J13: =IF($O$9=0,0,E13/$O$9*1000)*1000 -> 499.98743 | K13: 500 | M13: CANA MOÍDA | N13: SEMANA | O13: SAFRA 2026 | P13: SAFRA 2025
B14: MONENSINA | C14: kg | D14: 10 | E14: =INDIRECT("'" & $S$2 & "'!E" & ROW()) + D14 -> 90 | F14: 425 | G14: =F14*D14 -> 4250 | H14: =INDIRECT("'" & $S$2 & "'!H" & ROW()) + G14 -> 38250 | I14: =IF($N$9=0,0,D14/$N$9*1000)*1000 -> 7.5108005 | J14: =IF($O$9=0,0,E14/$O$9*1000)*1000 -> 4.2228153 | K14: 3 | M14: PARA ETANOL | N14: 19460.839 | O14: =INDIRECT("'" & $S$2 & "'!O" & ROW()) + N14 -> 277885.9 | P14: 142574.56
M15: PARA AÇÚCAR | N15: 27250.541 | O15: =INDIRECT("'" & $S$2 & "'!O" & ROW()) + N15 -> 298464.04 | P15: 286896.62
B16: Fábrica | D16: Consumo | F16: Custos( R$ ) | I16: Gr / tc | M16: MOÍDA TOTAL | N16: =SUM(N14:N15) -> 46711.38 | O16: =SUM(O14:O15) -> 576349.94 | P16: =P15+P14 -> 429471.18
D17: SEMANAL | E17: SAFRA | F17: VALOR | G17: SEMANA | H17: SAFRA | I17: SEMANA | J17: SAFRA | K17: META
B18: FLOCULANTE | C18: kg | D18: 225 | E18: =INDIRECT("'" & $S$2 & "'!E" & ROW()) + D18 -> 2784 | F18: 21 | G18: =D18*F18 -> 4725 | H18: =INDIRECT("'" & $S$2 & "'!H" & ROW()) + G18 -> 58464 | I18: =IF($N$10=0,0,D18/$N$16*1000) -> 4.8168134 | J18: =IF($O$10=0,0,E18/$O$16*1000) -> 4.8303987 | K18: 6.1 | M18: SETOR | N18: SEMANA | O18: SAFRA 2026
B19: FLOCUL. FILTRO | C19: kg | D19: 300 | E19: =INDIRECT("'" & $S$2 & "'!E" & ROW()) + D19 -> 2975 | F19: 15.63 | G19: =D19*F19 -> 4689 | H19: =INDIRECT("'" & $S$2 & "'!H" & ROW()) + G19 -> 46499.25 | I19: =IF($N$10=0,0,D19/$N$16*1000) -> 6.4224178 | J19: =IF($O$10=0,0,E19/$O$16*1000) -> 5.1617946 | K19: 9 | M19: DESTILARIA | N19: =SUM(G6:G14) -> 108744.96 | O19: =INDIRECT("'" & $S$2 & "'!O" & ROW()) + N19 -> 1351341.4
B20: ENXOFRE | C20: kg | E20: =INDIRECT("'" & $S$2 & "'!E" & ROW()) + D20 -> 1000 | F20: 6.7 | G20: =D20*F20 -> 0 | H20: =INDIRECT("'" & $S$2 & "'!H" & ROW()) + G20 -> 6700 | I20: =IF($N$10=0,0,D20/$N$16*1000) -> 0 | J20: =IF($O$10=0,0,E20/$O$16*1000) -> 1.735057 | K20: 51 | M20: FÁBRICA | N20: =SUM(G18:G27)+G51+G54 -> 53586.109 | O20: =INDIRECT("'" & $S$2 & "'!O" & ROW()) + N20 -> 583429.67
B21: AC.FOSFÓRICO | C21: kg | E21: =INDIRECT("'" & $S$2 & "'!E" & ROW()) + D21 -> 0 | F21: 5.85 | G21: =D21*F21 -> 0 | H21: =INDIRECT("'" & $S$2 & "'!H" & ROW()) + G21 -> 0 | I21: =IF($N$10=0,0,D21/$N$16*1000) -> 0 | J21: =IF($O$10=0,0,E21/$O$16*1000) -> 0 | M21: MOENDA | N21: =SUM(G30:G37) -> 13671.062 | O21: =INDIRECT("'" & $S$2 & "'!O" & ROW()) + N21 -> 83392.565
B22: CAL DOLOMÍTICA | C22: kg | D22: 22433.3 | E22: =INDIRECT("'" & $S$2 & "'!E" & ROW()) + D22 -> 260658 | F22: 1.03 | G22: =D22*F22 -> 23106.299 | H22: =INDIRECT("'" & $S$2 & "'!H" & ROW()) + G22 -> 268477.74 | I22: =IF($N$10=0,0,D22/$N$16*1000) -> 480.25342 | J22: =IF($O$10=0,0,E22/$O$16*1000) -> 452.25649 | K22: 1000 | M22: ETA/CALD. | N22: =SUM(G40:G53)-G51-G54 -> 18644.044 | O22: =INDIRECT("'" & $S$2 & "'!O" & ROW()) + N22 -> 158762.2
B23: SODA CÁUSTICA | C23: kg | D23: 775 | E23: =INDIRECT("'" & $S$2 & "'!E" & ROW()) + D23 -> 5750 | F23: 5.83 | G23: =D23*F23 -> 4518.25 | H23: =INDIRECT("'" & $S$2 & "'!H" & ROW()) + G23 -> 33522.5 | I23: =IF($N$10=0,0,D23/$N$16*1000) -> 16.591246 | J23: =IF($O$10=0,0,E23/$O$16*1000) -> 9.9765778 | K23: 13 | M23: CUSTO TOTAL (R$ ) | N23: =SUM(N19:N22) -> 194646.18 | O23: =SUM(O19:O22) -> 2176925.8
B24: NEUT.VAPOR | C24: kg | D24: 1088.88 | E24: =INDIRECT("'" & $S$2 & "'!E" & ROW()) + D24 -> 8999.97 | F24: 8 | G24: =D24*F24 -> 8711.04 | H24: =INDIRECT("'" & $S$2 & "'!H" & ROW()) + G24 -> 71999.76 | I24: =IF($N$10=0,0,D24/$N$16*1000) -> 23.310808 | J24: =IF($O$10=0,0,E24/$O$16*1000) -> 15.615461 | K24: 2.8
B25: ANTI-INCRUST. | C25: kg | D25: 440 | E25: =INDIRECT("'" & $S$2 & "'!E" & ROW()) + D25 -> 13872.94 | F25: 5.85 | G25: =D25*F25 -> 2574 | H25: =INDIRECT("'" & $S$2 & "'!H" & ROW()) + G25 -> 81156.699 | I25: =IF($N$10=0,0,D25/$N$16*1000) -> 9.4195462 | J25: =IF($O$10=0,0,E25/$O$16*1000) -> 24.070342 | K25: 28 | M25: Setor | N25: Semana | P25: Safra 2026
B26: CLARIFICANTE FL 40 | C26: Kg | E26: =INDIRECT("'" & $S$2 & "'!E" & ROW()) + D26 -> 0 | F26: 6.98 | G26: =D26*F26 -> 0 | H26: =INDIRECT("'" & $S$2 & "'!H" & ROW()) + G26 -> 0 | I26: =IF($N$10=0,0,D26/$N$16*1000) -> 0 | J26: =IF($O$10=0,0,E26/$O$16*1000) -> 0 | K26: 21.3 | M26: DESTILARIA | N26: =IF($N$9=0,0,N19/$N$9*1000) -> 81.676173 | O26: R$/m³ | P26: =IF($O$9=0,0,O19/$O$9*1000) -> 63.405165 | Q26: R$/m³
B27: LUBRIFICANTE MASSA | C27: Kg | E27: =INDIRECT("'" & $S$2 & "'!E" & ROW()) + D27 -> 22.22 | G27: =D27*F27 -> 0 | H27: =INDIRECT("'" & $S$2 & "'!H" & ROW()) + G27 -> 0 | I27: =IF($N$10=0,0,D27/$N$16*1000) -> 0 | J27: =IF($O$10=0,0,E27/$O$16*1000) -> 0.038552967 | K27: 3.6 | M27: FÁBRICA | N27: =IF($N$10=0,0,N20/$N$16) -> 1.1471746 | O27: R$/tc | P27: =IF($O$10=0,0,O20/$O$16) -> 1.0122837 | Q27: R$/tc
B28: Moenda | D28: Consumo | F28: Custos( R$ ) | I28: Gr / tc | M28: MOENDA | N28: =IF($N$16=0,0,N21/$N$16) -> 0.29267091 | O28: R$/tc | P28: =IF($O$16=0,0,O21/$O$16) -> 0.14469085 | Q28: R$/tc
D29: SEMANAL | E29: SAFRA | F29: VALOR | G29: SEMANA | H29: SAFRA | I29: SEMANA | J29: SAFRA | K29: META | M29: ETA/CALD. | N29: =IF($N$16=0,0,N22/$N$16) -> 0.39913281 | O29: R$/tc | P29: =IF($O$16=0,0,O22/$O$16) -> 0.27546146 | Q29: R$/tc
B30: CAL VIRGEM | C30: kg | D30: 7711.67 | E30: =INDIRECT("'" & $S$2 & "'!E" & ROW()) + D30 -> 11016.67 | F30: 1.03 | G30: =D30*F30 -> 7943.0201 | H30: =INDIRECT("'" & $S$2 & "'!H" & ROW()) + G30 -> 11347.17 | I30: =IF($N$16=0,0,D30/$N$16*1000) -> 165.09189 | J30: =IF($O$16=0,0,E30/$O$16*1000) -> 19.11455 | K30: 0 | M30: TOTAL | N30: =IF($N$16=0,0,N23/$N$16) -> 4.166997 | O30: R$/tc | P30: =IF($O$16=0,0,O23/$O$16) -> 3.7770903 | Q30: R$/tc
B31: SODA CÁUSTICA | C31: kg | D31: 200 | E31: =INDIRECT("'" & $S$2 & "'!E" & ROW()) + D31 -> 500 | F31: 5.83 | G31: =D31*F31 -> 1166 | H31: =INDIRECT("'" & $S$2 & "'!H" & ROW()) + G31 -> 2915 | I31: =IF($N$16=0,0,D31/$N$16*1000) -> 4.2816119 | J31: =IF($O$16=0,0,E31/$O$16*1000) -> 0.8675285 | K31: 1.5
B32: BAC.QUATERNARIO | C32: kg | D32: 458.82 | E32: =INDIRECT("'" & $S$2 & "'!E" & ROW()) + D32 -> 6376.49 | F32: 8.99 | G32: =D32*F32 -> 4124.7918 | H32: =INDIRECT("'" & $S$2 & "'!H" & ROW()) + G32 -> 57324.645 | I32: =IF($N$16=0,0,D32/$N$16*1000) -> 9.8224458 | J32: =IF($O$16=0,0,E32/$O$16*1000) -> 11.063574 | K32: 8
B33: HELACLOR | C33: kg | E33: =INDIRECT("'" & $S$2 & "'!E" & ROW()) + D33 -> 0 | F33: 24 | G33: =D33*F33 -> 0 | H33: =INDIRECT("'" & $S$2 & "'!H" & ROW()) + G33 -> 0 | I33: =IF($N$16=0,0,D33/$N$16*1000) -> 0 | J33: =IF($O$16=0,0,E33/$O$16*1000) -> 0 | K33: 0
B34: SODA PENEIRA ROTATIVA | C34: Kg | D34: 25 | E34: =INDIRECT("'" & $S$2 & "'!E" & ROW()) + D34 -> 1050 | F34: 5.83 | G34: =D34*F34 -> 145.75 | H34: =INDIRECT("'" & $S$2 & "'!H" & ROW()) + G34 -> 6121.5 | I34: =IF($N$16=0,0,D34/$N$16*1000) -> 0.53520149 | J34: =IF($O$16=0,0,E34/$O$16*1000) -> 1.8218099 | K34: 2
B35: SODA PENEIRA VIBRATÓRIA | C35: kg | D35: 50 | E35: =INDIRECT("'" & $S$2 & "'!E" & ROW()) + D35 -> 925 | F35: 5.83 | G35: =D35*F35 -> 291.5 | H35: =INDIRECT("'" & $S$2 & "'!H" & ROW()) + G35 -> 5392.75 | I35: =IF($N$16=0,0,D35/$N$16*1000) -> 1.070403 | J35: =IF($O$16=0,0,E35/$O$16*1000) -> 1.6049277 | K35: 1
B36: ESTEIRA METALICA | C36: kg | E36: =INDIRECT("'" & $S$2 & "'!E" & ROW()) + D36 -> 50 | F36: 5.83 | G36: =D36*F36 -> 0 | H36: =INDIRECT("'" & $S$2 & "'!H" & ROW()) + G36 -> 291.5 | I36: =IF($N$16=0,0,D36/$N$16*1000) -> 0 | J36: =IF($O$16=0,0,E36/$O$16*1000) -> 0.08675285 | K36: 1
B38: Caldeira / Eta | D38: Consumo | F38: Custos ( R$ ) | I38: Gr/tc
D39: SEMANAL | E39: SAFRA | F39: VALOR | G39: SEMANA | H39: SAFRA | I39: SEMANA | J39: SAFRA | K39: META
B40: SODA CÁUSTICA | C40: kg | D40: 150 | E40: =INDIRECT("'" & $S$2 & "'!E" & ROW()) + D40 -> 2775 | F40: 5.83 | G40: =D40*F40 -> 874.5 | H40: =INDIRECT("'" & $S$2 & "'!H" & ROW()) + G40 -> 16178.25 | I40: =IF($N$16=0,0,D40/$N$16*1000) -> 3.2112089 | J40: =IF($O$16=0,0,E40/$O$16*1000) -> 4.8147832 | K40: 6
B41: BRW 150 HELAMIN | C41: kg | D41: 150 | E41: =INDIRECT("'" & $S$2 & "'!E" & ROW()) + D41 -> 1500 | F41: 37.84 | G41: =D41*F41 -> 5676 | H41: =INDIRECT("'" & $S$2 & "'!H" & ROW()) + G41 -> 56760 | I41: =IF($N$16=0,0,D41/$N$16*1000) -> 3.2112089 | J41: =IF($O$16=0,0,E41/$O$16*1000) -> 2.6025855 | K41: 3
B42: POLÍMERO | C42: kg | E42: =INDIRECT("'" & $S$2 & "'!E" & ROW()) + D42 -> 88.5 | F42: 21 | G42: =D42*F42 -> 0 | H42: =INDIRECT("'" & $S$2 & "'!H" & ROW()) + G42 -> 1858.5 | I42: =IF($N$16=0,0,D42/$N$16*1000) -> 0 | J42: =IF($O$16=0,0,E42/$O$16*1000) -> 0.15355254 | K42: 0.35
B43: POLICLORETO | C43: kg | D43: 195 | E43: =INDIRECT("'" & $S$2 & "'!E" & ROW()) + D43 -> 3060 | F43: 2.9 | G43: =D43*F43 -> 565.5 | H43: =INDIRECT("'" & $S$2 & "'!H" & ROW()) + G43 -> 8874 | I43: =IF($N$16=0,0,D43/$N$16*1000) -> 4.1745716 | J43: =IF($O$16=0,0,E43/$O$16*1000) -> 5.3092744 | K43: 7
B44: HELACLOR ETA | C44: kg | D44: 35 | E44: =INDIRECT("'" & $S$2 & "'!E" & ROW()) + D44 -> 215 | F44: 24 | G44: =D44*F44 -> 840 | H44: =INDIRECT("'" & $S$2 & "'!H" & ROW()) + G44 -> 5160 | I44: =IF($N$16=0,0,D44/$N$16*1000) -> 0.74928208 | J44: =IF($O$16=0,0,E44/$O$16*1000) -> 0.37303726 | K44: 0.3
B45: SAL | C45: kg | D45: 502.85 | E45: =INDIRECT("'" & $S$2 & "'!E" & ROW()) + D45 -> 10333.57 | F45: 0.64 | G45: =D45*F45 -> 321.824 | H45: =INDIRECT("'" & $S$2 & "'!H" & ROW()) + G45 -> 6613.4848 | I45: =IF($N$16=0,0,D45/$N$16*1000) -> 10.765043 | J45: =IF($O$16=0,0,E45/$O$16*1000) -> 17.929333 | K45: 12
B46: HELACLOR TORRE | C46: kg | D46: 15 | E46: =INDIRECT("'" & $S$2 & "'!E" & ROW()) + D46 -> 152 | F46: 24 | G46: =D46*F46 -> 360 | H46: =INDIRECT("'" & $S$2 & "'!H" & ROW()) + G46 -> 3648 | I46: =IF($N$16=0,0,D46/$N$16*1000) -> 0.32112089 | J46: =IF($O$16=0,0,E46/$O$16*1000) -> 0.26372866 | K46: 0.4
B47: FILTRO B/O/D FERM. | C47: kg | E47: =INDIRECT("'" & $S$2 & "'!E" & ROW()) + D47 -> 72 | F47: 41.96 | G47: =D47*F47 -> 0 | H47: =INDIRECT("'" & $S$2 & "'!H" & ROW()) + G47 -> 3021.12 | I47: =IF($N$16=0,0,D47/$N$16*1000) -> 0 | J47: =IF($O$16=0,0,E47/$O$16*1000) -> 0.1249241 | K47: 0.2
B48: HELAMIN 9100 | C48: kg | D48: 145.55 | E48: =INDIRECT("'" & $S$2 & "'!E" & ROW()) + D48 -> 1233.32 | F48: 23.51 | G48: =D48*F48 -> 3421.8805 | H48: =INDIRECT("'" & $S$2 & "'!H" & ROW()) + G48 -> 28995.353 | I48: =IF($N$16=0,0,D48/$N$16*1000) -> 3.1159431 | J48: =IF($O$16=0,0,E48/$O$16*1000) -> 2.1398805 | K48: 2
B49: FILTRO B/O/D CO2 | C49: kg | E49: =INDIRECT("'" & $S$2 & "'!E" & ROW()) + D49 -> 50 | F49: 41.96 | G49: =D49*F49 -> 0 | H49: =INDIRECT("'" & $S$2 & "'!H" & ROW()) + G49 -> 2098 | I49: =IF($N$16=0,0,D49/$N$16*1000) -> 0 | J49: =IF($O$16=0,0,E49/$O$16*1000) -> 0.08675285 | K49: 0.5
B50: HELAQUAT CO2 | C50: kg | E50: =INDIRECT("'" & $S$2 & "'!E" & ROW()) + D50 -> 116.86 | F50: 43.43 | G50: =D50*F50 -> 0 | H50: =INDIRECT("'" & $S$2 & "'!H" & ROW()) + G50 -> 5075.2298 | I50: =IF($N$16=0,0,D50/$N$16*1000) -> 0 | J50: =IF($O$16=0,0,E50/$O$16*1000) -> 0.20275876 | K50: 0.05
B51: CAL VIRGEM | C51: kg | D51: 4406.66 | E51: =INDIRECT("'" & $S$2 & "'!E" & ROW()) + D51 -> 17626.8 | F51: 1.03 | G51: =D51*F51 -> 4538.8598 | H51: =INDIRECT("'" & $S$2 & "'!H" & ROW()) + G51 -> 18155.604 | I51: =IF($N$16=0,0,D51/$N$16*1000) -> 94.338039 | J51: =IF($O$16=0,0,E51/$O$16*1000) -> 30.583503 | K51: 0
B52: AMONIA ANIDRA | C52: Kg | D52: 280 | E52: =INDIRECT("'" & $S$2 & "'!E" & ROW()) + D52 -> 640 | F52: 26.1 | G52: =D52*F52 -> 7308 | H52: =INDIRECT("'" & $S$2 & "'!H" & ROW()) + G52 -> 16704 | I52: =IF($N$16=0,0,D52/$N$16*1000) -> 5.9942566 | J52: =IF($O$16=0,0,E52/$O$16*1000) -> 1.1104365 | K52: 2.5
B53: AT 8807 | C53: Kg | E53: =INDIRECT("'" & $S$2 & "'!E" & ROW()) + D53 -> 84.42 | F53: 26.42 | G53: =D53*F53 -> 0 | H53: =INDIRECT("'" & $S$2 & "'!H" & ROW()) + G53 -> 2230.3764 | I53: =IF($N$16=0,0,D53/$N$16*1000) -> 0 | J53: =IF($O$16=0,0,E53/$O$16*1000) -> 0.14647351 | K53: 0.3
B54: FERMAPLUS (armazem) | C54: Kg | D54: 51.69 | E54: =INDIRECT("'" & $S$2 & "'!E" & ROW()) + D54 -> 51.69 | F54: 14 | G54: =D54*F54 -> 723.66 | H54: =INDIRECT("'" & $S$2 & "'!H" & ROW()) + G54 -> 723.66 | I54: =IF($N$16=0,0,D54/$N$16*1000) -> 1.1065826 | J54: =IF($O$16=0,0,E54/$O$16*1000) -> 0.089685097
